0.001933286216449053603200742048450916543233166571823898795734175604627802460935282449429506906420027044,0.003866567615661050364496655156796961873249414317887634889523614235369443054997779326041560495488286236
0.005799829745968031523830671096260344755197982235452407953547439557948306520538775060822340009390857964,0.00386650980897481135623733098145866617143990099447343798612372944390339437794274990089587098989831706
0.009666286565781738320815986195471233395372005627412191006427402861726811525270108605132929321103026353,0.003866394196466565730338367686797985820432449664504377286917156756426529277917113297955709273040645959
0.0135325988708603758969809364336674449021560102927360266779260931974823260877831181640614161060100628,0.003866220779864765347429541555144922320560601270415357735087846948303992440691740016564877862697347585
0.01739870885833469752203238303184014356765450358891819888887541080649416981706603842450778243238735064,0.003865989561762055697124700564565970813877184202925808448114743160179600534921690190087574629441829262
0.021264558728360183157663794925724918603730067153673034252461073006481754382688367598457503257149535,0.003865700545615237136965652527125683964601853897115055935915263632055329874368390776167066215858350423
0.02513009068498116956182149356316260829655881602439997696123219117207814579489607209695645291856938708,0.003865353735745213211915453730760099299362579027360036998983144194054780753567370779920253529136164958
0.02899524693699492225305277377626204481652935201619191479114773249819843087529998844466688916659570923,0.003864949137336926055173741720953751230880902795616887727831685353528239991626188722779230789111423268
0.0328599696988156364167247419313111795772630981421720149561252167072772767727005914798269708200256062,0.003864486756439278871279895108514168318455478895703066310967183491097777736252557404087908550041106053
0.03672420119133835383596505917485946846311638980346883526216848316529158535739352162508607440942646898,0.003863966599965045502662928101017707376567810144383480394759653424835077375287884060057862739976834655
0.04058788364280278293143124059869222044366124889250238611642728646488082537620948294601794270079053471,0.003863388675690767080990134940668783020223076833888894984103531459166383117017155874155990880735461719
0.04445095928965700899546372176988647525084050809419779829705417060592115734728876400665198937893176046,0.00386275299225663576485958670334053925696652679157833452298032297003599239760204959934329783386440177
0.04831337037742108170781954065824453975176536182660899051484248617960138616361393664255216436646249224,0.00386205955916636556557464708572050859082697695172044738743100414903626575876474774799498548334088534
0.05217505916155046702201817099905305758852335964196264293320925297771401977330529222331427052874663834,0.003861308386787050262931711993386907476438198636686275162780322371080049766170177181362849109040085462
0.05603596790829935051335875512502764848661945794705582358717155102429258347924724448037698075821198088,0.003860499486349008413145387056295536512229462799252479761178273145132068655932170066816412793453739715
0.0598960388955837792818886899724088176283957538159506330182547097993775495455042274167002042957566126,0.003859632869945615451228294754001067419594510958549086705499928703912279853498865544671590022156488392
0.06375521441384462950601718611207817404490523642581846079070658199506797731037859808847676214812330859,0.003858708550533122890335645745881892681657547849010768656136492930020419578686021356471341798551063229
0.06761343676691038674507401019203664576410018072194525105522708617298503846970177918631565330361364006,0.003857726541930464620777614387114716690952617345105598803727382317778086509547972373563160700996727461
0.07147064827285972609191309713310694452067904578715627366855074323372786763144758841758318725548340639,0.003856686858819050311595423385144778349817759671219308817461499805295927255392940757212271847417818024
0.07532679126488387927965303794205922069886465974224589014194674625494341841390325403421320804070955697,0.003855589516742545917789864230515301951176614568870873561831537186706059662949112458458389415327466709
0.07918180809214877584983156735919521115124245096522219766308476230869256713342488974968194496234546683,0.003854434532106641296483755537398061921961250339203902972687613211393842896817038632615988697313041335
0.08303564112065694549262904512202996398855963525406245064174361214234078410989215913435232466020302395,0.003853221922178804935492567870938802195359885087561134917118585357633722627885008967243247879647243191
0.08688823273410916867338649490264530905946356827564784070955650082892035161866471993466162654044461577,0.003851951705088025797970118139263145408810959557087942755710279578661745818873785755849830062139346299
0.09073952533476586266340698258217068126986951282352077168344999681464513805272219548523273862244387783,0.003850623899824542286988856307123600733380251416147034130727511906627206947204796524986469922085610089
0.09458946134430819009698492420013901545317360930192914119385862764856289859643780046721343562595507246,0.003849238526239558334106829165969006258714455719411155772051056614831004675038911104359161078020505961
0.09843798320469887718075625451832296719272311224679056263111209953818878930747109264390358190334880491,0.003847795605044946616165907292809586296760947436373124097812764450665015493787893372100287140795591653
0.1022850333790427286858031976488090681787556920915365521635797283213008832952030313500460483486173709,0.003846295157812938904758299269664861244535270917217367243005154771005168265117301619765147446190664894
0.1061305543524468268574805967177458823064121756860849380613501008171843068042625195241253550946250795,0.003844737206975803552990748839597773724240017786852804415548100304100274673519517379108664243468600825
0.109974488632880401382656312296110234286700780782980180732596241794035222912807238028263318275384395,0.003843121775825510124368113068328220613733603420769343964932102896397634615008434798219225051426504005
0.1138167787520343575589760186781620163191802851654628707366719251677291337349525844429751445572232855,0.003841448888513381168810249887189112197827983964917640888423412773468653736483686035151133053241705733
0.1176573672661804498158727395037335248228020898092370784458607755915880037166560915683755892547138144,0.003839718570049731151008298739822282235297183750085506842698305548654398081714870927016453375686269541
0.1214961967570300877423435933054952718587950848990141888517541917344106964711108079244681280595618997,0.00383793084630349253651851556871493916861082652704722833884287043722801122787061429135255446480588144
0.1253332098325927617820103860480114422448376025234734100085446871501750825568008312358836960017125285,0.003836085744001829041183820186818451311554147003715452520721311813050502294656007892268572532901885641
0.1291683491280340757616668094718676170505249043917207943555286832533405187796565900913451292875580911,0.003834183290729736049665127313645283694337778367114214386706467655722823863497357311319044867570393703
0.1330015573065333734253929960537404223128206871268893972741875639309799125181760574299727186630161624,0.003832223514929628209056359345231567538979721165202152797820310617757039661956204238033435803954141148
0.1368327770601409461523879557637701097122907884471393446799307686518055611680678648890172062553382421,0.003830206445900914203748776405299229242446705211884369251075159638653692804759063018465271336591057546
0.1406619511106348090429318857995606799246169892307039424104674896430708460879395942217994859577100374,0.003828132113799558717901904524305284933395815067855319210846052401599463387720944427176547941353024355
0.1444890222103770325633434084902739282816885715505733595629352103590593943164714279890985074241525494,0.003826000549637631592069893048657435004857872020566386457179029906962423644915424271319132081547097477
0.1483139331431696169474413581188471836869586785324430232474249942576462537562595057906448665562020392,0.003823811785282844180723584730456089737530421918959583606599812677180083754698511513658687338913177113
0.1521366267251098965588567051665729451085827522808432388445020004968396959650870849197649914996391887,0.003821565853458072917599933526408861830134268804561015325387022830430190807835881055855642009268602234
0.1559570458054454614255674742418206971797563075011181988225160521579994190814568698525662532460141792,0.003819262787740870096001653082276429583577827477969959501156594430661153249579159996640998781995387987
0.1597751332674285831652479746532386952387515154265614109788650536365401238082678973933748809636784456,0.003816902622562961871361120337119949330299449875487974672999591313023748164298624976858838092290249225
0.1635908320291701325274332123085921896017773706966214949536459992385638628640013860403858143163663547,0.00381448539320973349357359079209345936082394919266776317004488357610903142311122491264166874023836533
0.1674040850444929757860998775878976025882309187630956660442268251724882491345610834134204963232930115,0.003812011135819701776795701895558416277009732981386747298508839808384928382593000363530685782432450632
0.1712148353037848372240566924229564452004149563866447917582668924470459246499601465515485175355757717,0.003809479887383974814596045845567650659616554092605316935957977109813654328399187290489256710095329896
0.1750230258348506149585190345305677071457972260789707265924154247379059824131140500241050246560130055,0.003806891685745698948535280049668877316596083156734586251440047680454278742197400252387734663215676713
0.1788285997037641373654155182576666668329635639570131640273660072628353217627079284911039928022227747,0.00380424656959949299844380965967259542331518861257959599133431814747471068719788959315583956964042926
0.1826315000157193473683374776175234976562353123215791993538464171952649955453914736888399133673894024,0.003801544578490869762855519166480433942885378398599280552436199893386009105394340444399015410484015461
0.1864316699158809018665959427929438221914312701189772616322062997909646550578290001024061010004026719,0.003798785752815644798246346150090523481097803622158325347592662101415177637083632299360095794373186237
0.1902290525902341735855945987749071989934635201053614990762647220290926929245325652600659712473136803,0.003795970133819332485916677087189780830271255720630037843039230331881052032706288168435902742497779468
0.1940235912664346426416612331686866745576230360042282667568196032575531820306001990132298507428579666,0.003793097763596529395546599779945781112903690524813071187148141443381255878001058796938322359755324406
0.1978152292146566651226041859672622875579140360295309850352632504126185654400110628312738425511942927,0.003790168685090284954642966643335613312284846925103050385949685074444881281245504499286571856024922631
0.2016039097484416059945741708564410895830622578521857004612342594167253081387882901978963171168432876,0.003787182942091459433287004935226445676866538555176300052741538902374236177988708720116827919105646585
0.2053895762255453236553154061318506448506398373050762098245795044993481667389904800921004796905358187,0.003784140579238069253780851196143829067904530430391783093413314191973752201577417758029046686044653377
0.2091721720487849934635831314929462700950733371134019210483924376109164513074793948715083483101866678,0.003781041642014619634980884849023507204922514766315094211630363254885709317115618092351217809740009867
0.2129516406668852575843871499172923413272924264722806263078437921136915589638015562205220853354153453,0.003777886176751424581295087260180651396551591571129723743033930367445236402734624412043755192113559286
0.2167279255753236884997928737616030629223445273973950288025698716636600750314833592579707524676860154,0.00377467423062391422651085475037482300353371051481281993697886553884608087644312465551849230689613927
0.2205009703171755535452723206065558008418771395870375118858270325598082001996120916838592522360795048,0.003771405851651929542808744240557607999510444645524393441542935282671122669396056393406596444533740471
0.224270718483957867842047443754908797490067001538389611050204080104874788165957694553662987555245195,0.003768081088699004425506525594293267378765561731882278254409335446622401250386195510728587394406085649
0.2280371137164727230065069384764375378501515279720026193401392470513120205202978319860315089975460824,0.003764699991471635164266652453886153474950140166803022185383701294073018821695152438553419593725691414
0.2318000997056498790286050790152431699576180411639226168543689012906821812936090180886736741473942142,0.003761262610518537311688840638234277171845504068243032750937095454630559622934528804189012847911318223
0.2355596201933886067221670511611734319586500505993488345065188550463435232622768385685493915995486133,0.003757768997229889960397857158057661358372410754445348215180639367060009406625276423492878134478031013
0.239315618973398768161229486145441273690515549428362019607223358850715064688725521595048115206824693,0.003754219203836567439924870791565690431504434834736403454231374868948325810675181206815808222356376441
0.2430680398920411225279373062434194748176021717802486482764749941925824180731094993775136063492989148,0.003750613283409358444868794136455714975551568015370483925002544622051495174432264056388637123096741451
0.2468168268491668448090983904343071542265404947426264747887149803635066045160344358729392150900262192,0.003746951289858172606011954300527371481206677182571586283427867365718853867436959637910935618463013281
0.250561923798956244790265786646614197002272688246135873373781955593572829900634750119411333611663295,0.003743233277931234516252162103872677539972314264670200509934012459433667252138680402787502198473803817
0.254303274750756673808173059570920895600200491350628709579301655966274843191220439722129413068869809,0.003739459303214265223400805033889791780441275242956662269327220658311023339676660337750006199456356063
0.2580408237699196067344916910025222178394886755837036708329226234553741430089412566070284153736447311,0.003735629422129651202083964416248762767066468822793496829001712630081297855326371816242892783977377704
0.2617745149786368866762100616390624082596662190224598190126534980985062159281256994942779948083297436,0.003731743691935600817170749539084489652031459018904993677732212070050366770008410786077952216237331894
0.2655042925567761198904512548548474866774530435180373534708814051284759495182812439791096850406033828,0.003727802170725288291340047995514706988051222676288367050820468910307579461619342685843555022553235086
0.2692301007427152084242515470597263654567896617054127417560256435110158561511198944328139685085029242,0.003723804917425985189583709495265533975240720454660203760363894590136390098108889593203517242716062013
0.2729518838341760080027127958873839811894566566093782926865810522903556793638773897767157573038551008,0.003719751991798179433630807046739470243136315647539478992991615366620196654918954384092188743156308939
0.2766695861890570987020198139151526379671350404342118533845728572318274256562988212684447184113524004,0.003715643454434681859464051936146947341870025236196247855833247182937227462279322544798578363238521452
0.2803831522262656559570780263758953551605598171418592561771780302211907274187921655611320032269786532,0.003711479366759720331285674543111449046058038636116119940713063150521046605443335896557443634906687439
0.2840925264265484094669770580772594905844396062603148108654859615366618017730360282663375367760209673,0.003707259791028021425476118948162788170734652080135876827267501904425797381748238694715117017225677456
0.2877976533333216775751221764069548041550218182361243447293306418338120283095233900390914996413716843,0.003702984790323879698274732725452207244873927587663500598749422940380968083638923152590426006418869716
0.2914984775535004647146975300072010591552830832788043887392352728876503578101751101835284397116312945,0.003698654428560214551097261495582824331848285403165036399511973346488437770094081313228471475404510907
0.29519494375832660952413265980289715041688013500916518238329408622638590054346424216937863374583669,0.003694268770477614707590377963444827242551686664945177606394320906360276069065202081959066441007647167
0.2988869966841959712514366111485145648356979270977013397918015096780921390419611358630480642899900363,0.003689827881643370316708684512282471867470811545625051092237847931485228858470034446383906431135726347
0.3025745811334846420806419307298189465823657870472202642216065636384525363823922629049798357652491397,0.003685331828450492696284624198957053129084008179250974274962076913652345562717502901387423747842043136
0.3062576419753741730281636745625318044275751982624408730229153943998007089515257812602811897162007602,0.003680780678116721731746514430757639161828455019421988656386551232707900631029277649867761511571517285
0.3099361241466758010716260662510820750986670091948293599970621516395510021787886136760658557538052822,0.003676174498683520944824477938635264031659278245193288612005142260532155550321614095098916428193397157
0.3136099726526536651886414071259068107857914382561379974141373334731981314137550971992312450461343998,0.003671513359015060247268384136158276452506548417905277449431185436801932679213487706826161805905195673
0.3172791325678469989981420287290011902154282776958022414814230680696118079865750969820530529982095884,0.003666797328797186394786027811885767093588115792994304199108272898065128301560075899935712132225282727
0.3209435490368912877121662673720048185986591922734296066428903534734413981996290625285702662029574738,0.003662026478536381156593658592670101811637676680452025818054839582220177881458662211576570997313034248
0.3246031672753383771214834014055924185284021645312311244227824607178140031576623032149130052178194367,0.003657200879558707216154630987465931151317646742475647400298858460570256082048470214159829595652658546
0.3282579325704755223541099929224154033940202520008087412959241877592220252969401993564404146280477115,0.003652320604008741818865368329819809514794538424934907415897176861021035913559537096233953248912245223
0.3319077902821433641616208826334350571415630180306112207299192863803525043284824302054863205806442084,0.003647385724848498182631021840101815959062160084190398797818103555930397439906283941831292100133355993
0.3355526858435528205041919626338348251559333954994746358882070380030634593984162375854385663172625571,0.003642396315856334687456155587001311250458551585025297880991414651918391108936905898774293788541623241
0.339192564762100881221528556997496773901494067207964279636113247965441817216643360644500252716794941,0.00363735245162585186035849660669006222367959407682934470405975584979271492914870595997156889206605695
0.3428273726201852935932325321626196854819951641414210694545031329882937846765478702602715324342040915,0.003632254207564777172096254105809080978828692463592255663484711464083949998116607989811400250967634502
0.3464570550760181266087428927200586943154565557315969413913263709690802539050767736312388065566773346,0.003627101659893837662381729803157988933689358751028565528935571685242275482570726861142945438618049656
0.3500815578644382017837483455889311854877289282593790556508752079250691811105418544681329090604932268,0.003621894885645620410435910330441319386669545556917494434398785230351447662805357793076307685334989727
0.3537008267977223783769158860371572104741728187485894165226011252903545651123006667809094377322457808,0.003616633962663420867920449494165937196902352600038533258594789895878153202536259721261194368135074778
0.3573148077663956808779066192354728820744951631859118351839555930275608345448927766998542120777639172,0.003611318969600079071464910382066626991883696569396899770042535631699804034098634635986966975022383807
0.3609234467400402566549585249648398809181638676980415071187937037735950132425654437475411599243565749,0.003605949985916803752188342065350401341273475327861941982898455379387049505574107488718754048068207501
0.3645266897681031516678054419608498561157487737437735249794550003981975892902455879113582308990315125,0.003600527091881984359795210293530890773876210405817913586663377814713624953299874247973596047898880194
0.3681244829807028921693719306993438049213559810238218454326223134953269875270721722405655135576877849,0.003595050368569991019006383396498680349525511468986727581206491452598657737827353276354607263198311596
0.3717167725894348603375346050264762427812870060591478848832237663244827513101349949536891074721732257,0.003589519897859962436266290897498211979266379765223591015067691472790323935264813672876326648820241507
0.3753035048881754517962717370360333905549257302959192526619823659108535082167185640007744559477039786,0.003583935762434581774847520403584035753224821756900270830172316452810995576872749251607274786509079929
0.3788846262538850030037341664238742526563319005121703699135669885986903534856919146689374487089154323,0.003578298045778840516653995483646887676156012715232620075859939620301887211040996356554285291480846597
0.3824600831474094765031615129395742793132677332633371124029078599888929159155708375954624490875711124,0.003572606832178790329203480779022684270864494311459409777676880681764965755808042390010548870363510608
0.38602982211428089205113812355721603416568618571281167143572286123674347430225517189466865558714485,0.003566862206720282956449487832905960924468504030662469794318096422500234981420161621284121423116123825
0.3895937897855164916564328069662360708953271632902548605588264314277485574928119561540014937491186755,0.003561064255287698152281703391296148819926763354231403939220580599571805549982064819104503829973005508
0.3931519328784166265815949366258433881922390447092591025945644923309176576917535938213009716833841653,0.003555213064562659675722828543194825398834162246096172498974318490886180078364366032929223464864272555
0.3967041981973613543785866569446007643588799964910335024877715438137433690258827722282923526283454474,0.003549308722022739367018199358641027099990765038322671387148295331886785268400074765536296690392162262
0.4002505326346057340490164194816533190788042553943426942811926718934880589351828750013261623012460801,0.003543351315940149323992754981568131229410990725358667673706657950511086306692452759539943341899611612
0.4037908831710738074390026190929370105153927032574176360958850950262834579394274761138863320771969824,0.003537340935380422198227824776329803029665887416755405640025812100899198830210620514442658039478471324
0.407325196877151254998337402677744307616703427476810273362923353449321236384219518604317772102201512,0.003531277670201079630787819452345912971075188596730521647855300023199091968242484429259346189567017773
0.4108534209134767140534394919739601523549457858479622818849471911375633191495107526730569150668936208,0.003525161611050288847404229445305572283096877416344164469148007814658519361990394566484260422349092804
0.4143755025317317477635808004066494837150515110942698710202344728075820123012262708586303247451722407,0.003518992849365507433201354564788253225443029831862784940539073172113606828172015933509140740931588468
0.4178913890754294529500444333682959224429859087988336047519208583757570695186993970697570123998037714,0.003512771477372116307224909380531121896675862224175949191276263430918864227185847054245909299138010424
0.4214010279807016950082210399094253984898435026189355093013533392221526417842319432484873477430058667,0.00350649758808204091721106637087764429071414284967006664302164751185988864935062804131239191977786076
0.4249043667770849581331761274154224778872138998866881805628782486391411259126743077964848605631311098,0.003500171275292360675209610859715893108752338739705457376923867123765650113530082103506377581136297765
0.4284013530883047991099225525736930919726254539660688505813480194376618330527796523251013877557134712,0.003493792633583906654850685589551187298029149463319003547926545569253615044323619048800275148529956632
0.4318919346330588929405096522989751810616239107019122994529937049978318616447612201218942828332072425,0.00348736175831984757122009578996232740475408775230287680938324457327803396020829207631948461092802277
0.4353760592257986586010930651616049206426063978573644532029886262261146976666414334874235674013099685,0.003480878745644264064483325178917900754310470158512072233724623648085494984790366996513544379206816129
0.4388536747775094532433769025106620035137823816609120443722203811166456758869262042774648382949528185,0.003474343692480711308573276860320952433130496333900264272672047237240705932200513903351468332735715931
0.4423247292964893231762222415412965350765444235816748298048984647573860946701866190809826501149491598,0.003467756696530769966431297940475908814166764416786834024766061192854608143522014127360134583179796789
0.4457891708891262999847926100514851402647475241549554029686690686464686594405317892992671305344958793,0.003461117856272585513465270269466466993007586971933298923922312366569882805551256579358478221001495354
0.4492469477606742301663578919892124814134527642360768199393598316886659723720051495899067472844522811,0.003454427270959395951062449416038119000220375316888992047970476632345729760293995266375296957699661675
0.4526980082160271266838025789256240285872782681015928633644971884548995169837584653952514914736436962,0.003447685040618047932168307206679433348873326796061970636805561328242550210125080505576737504096854078
0.4561423006604920308599821975246679428069744037692080279280037058099750563508875890484414757911787414,0.003440891266047501321115877306260997716920748107610276450455801919158940893470064895933533261215122079
0.4595797736005603730583427265442864410601825538342690494667875423224328268139880179326721129131975117,0.003434046048817322210063015798811241592802269267460558171599992288953964770104094912917493914182171333
0.4630103756446778206176615459399467076700827510333069916011051562497800055670437507669412500428748474,0.003427149491266164414567566957736639413954144546363998627673985300772819680438847814626836887649804397
0.4664340555040126015313845997072842056042104584012864147701024832091869705330622369872962573615492386,0.003420201696500239471002665794982485076505208791974202344907392636667127749424933009299752399762200852
0.4698507619932222923848226650784016102804702859947631686233041983433865324353205623507946675199828431,0.00341320276839177515868631097327069370335140479517958526763816994850691749926430852794790515906818175
0.4732604440312190590864295628849856579067312355738129701631363590728745998712417975150465490470640786,0.003406152811577462569770901684711463569589133539924809687032266120458365687087291732166370511908084869
0.4766630506419333389525164740625563915386978596515185031515553552706576859047265576052423406041518995,0.003399051931456891750109647577950608269200417846509289259405672178545558102948108290732354435687927981
0.4800585309550759527280588995732915349377173009338429496162145244508675596127098467284026820694825294,0.003391900234190975934487629194922897162613073313244831390092881506428669066903984076105527793371063169
0.483446834206898635149725867092348163857672679544454255736233965943485685265573088822108082891271976,0.003384697826700364399775805102765677521381012139213730935685368599081565605088840281430703055725795909
0.4868279097409529726809043967049539158368182467850870429768009462104164756913405681001770524696525874,0.003377444816663843959736428427269532892374360270116588657143194732342580821254836373160207225927898738
0.4902017070088477370723056361226748656276455850274963313062313300367018727957365904012062961047907782,0.00337014131251672912537814726743648658414122331200597918038988554034520396331451172238801126593762984
0.4935681755710046034257221075297845349277966112951297468909339493002185700778163466551544443682601891,0.003362787423449240954928517957621843188027339682403965683999189666053519223507743039597477685181390211
0.4969272650974122414626578145611663213779675663750295103044796292997876965660801048510504613096042314,0.003355383259404874617660754811039731490019995467272311207969489709399561374160564946809828703359682965
0.5002789253683787687238741780076633786053771550300600914945365665306209124562966375084938934772772794,0.003347928931078755695980272298185430063965901884801663359639670290781380810756180485428398904332653269
0.503623106275282554450384539034007676535511358670898091296967754246251024563871393852257551889808148,0.00334042454991598525034494306346242369864327295689110931628104942540828355260710927683093104508965966
0.5069597578213213629210879228493953340890236734612616877416118211874679744156019912397432662218467098,0.00333287022810997367176099524595176505256912743199526071186265567224856396869855441810881842924798718
0.5102888301222598250470585252481088195479957673443378423895328726614394011067735020253738093856227166,0.003325266078600763346764102734276622419787351328296791847554847700465287367729811135303543707670996407
0.5136102734071752270475005980852144253540756080027816758820570071249914213220261455855934636218303138,0.003317612215073340159962479744882646970986372143228671072697763385311445951253128589713946801916001449
0.5169240380192016050575386939149521394881078238341446569671646881936151805683538204169712980805546913,0.003309908751955933859385673967335369801498323801465959165944625689929904859073862116225776788558968482
0.5202300744162721345433402085440141471336745425295260164098604853666633498740269650061759573052466419,0.003302155804418307310049257974600933523098786235072812010362058906504662206382983401837095355463199844
0.5235283331718598034255604544935002308811581049582117691962294724302297673546507710901154994592641627,0.003294353488370034661311744161546718409381858892532750621459081005686431194371690705628151902257137545
0.5268187649757163578377597271906265980202682686108163320306827662937381399512513532911143514528628855,0.00328650192045876845376579166758100403268963081291923803646783765361431743830508181477360825656714128
0.5301013206346095094722666055122985080229670195613504090411310586124301389257780938419767098764106565,0.003278601218068495691571132081676906426225044339616656325915628283582885867778150045247595118672562532
0.5333759510730583934919516729905946707370235689537201025000827138750404891520280126978068121122687178,0.003270651499317782906301611747988110855670352552691104786791553524416783876876898820203145000777546992
0.5366426073340672660125305670090998800246392220718820961971029822261692299689612534668185304907177141,0.003262652883058010238543329721653893875241020949830748793321468828754507871101434293661958548550243069
0.5399012405798574301863343696496153714735856410406425402298968346705268904664029134299214749988091812,0.003254605488871594563645039406836275222579938978686114689506456138231889798568539566759453458064533267
0.5431518020925973799449684520143888685250776929634620346390616998055374012615089435108451792029762946,0.003246509437070201688185776188033963370421190502963013014508942371052164899411998041608917087142495536
0.5463942432751311504849275779214064466533550607439730854828842586036120976349717901631923633349950932,0.003238364848692947643888070492687780712163131815502882062643629231675048254608744549116787962371555338
0.5496285156517048646070449644756269462973738710757767077898106472276666741716083300226731439343055305,0.003230171845504589105868103255389954482110525978500763243812217274976836168990834840768088365974948867
0.5528545708686914640476256853438162577938168616320003312807490255872886499308134332263094807415677422,0.003221930549993702962276756254979352735628252667380158132569691346188755038331009466081927849408734908
0.5560723606953136149662498843577051031510415616058354027405740902459676897861996639983078350890145955,0.003213641085370855062547700834812605549780422768343728522171322179568198733569375772412921898150293468
0.5592818370243647767825283366647941777322104813491755739762928982227755565441179358901898894429810196,0.003205303575566758171630452668972082595268568483214908530038078722669456179124064896701169933753879026
0.5624829518729284235815515439419787176480186682921158156037466864393498990668881904774922292346045748,0.003196918145230419157747695084626645672619137946681704570969247364972190225475308817493825768345637633
0.5656756573830954073353933686725587342749478005119051467847620438030575103425866419913212205223963416,0.003188484919727275441377136580853313384541322498727953538509809033823093784891041764489782596056472156
0.5688599058226794522158107872411743148827405309925116392114186269749975778358789536353809304544797066,0.003180004025137320733318717190780243479466697430685240374398307583121561461811390179159658747211485202
0.5720356495859307693012222572997133497607143545963878680967474626374804485781271530673859688276919475,0.00317147558825322008986811081695272787238909037950264708547618861428070724814748857017501516691375758
0.575202841194247781009148033779385004579425026965701486702543431359635372532696864036916482835604147,0.003162899736578414313277184235626094173487484286520140197769632601312341406832056272365929902336537755
0.5783614332968869446135561099584480378137836501788922141377614889530033759379625474817562399849298137,0.003154276598325213725841365726804003268975843729955171935762479606494178632485926753986552459500645815
0.5815113786716706642349768826457470494637241668088045528653332821270979212810630294328587905157191731,0.003145606302412881346112744862135355237798771443684128993420246003735139793727993911707576930677565743
0.5846526302256932807198277189335014275068759659522367217004974635533746776864280562366941458376655476,0.003136888978465705495896167497478445682003262062944271844866281906007973718823279367511564558950190244
0.587785140996025128854124908863382866629514969617912079972398067464478653700107675773102956202165845,0.003128124756811061866843604102647155904127635534767814685471710381754922847734087864011878130106795071
0.5909088641504146513856545941272995490586259711595528045368037334854167354703870642987585421079696564,0.003119313768477465075619652855606787705489661860393299761486101548504041481210198806670133299456511511
0.5940237529879885593577257356192342560728632986980763190547439042240472596568892316643252395309633078,0.003110456145192609736768189076685131408404184142001101999934170347283560838470698328968745162360423258
0.597129760939950028286836587945460595564925048257102557071116559049041025449092915854955330762778839,0.003101552019381401082566887231204937665663000629094534913548411456949674953547322560627299287349316477
0.6002268415702749197459510502202491102295175846468177207675822437135286282172323181936704430483380104,0.003092601524163975159312618543860074961155052628498510061603514637646851827364192161936054772379341719
0.6033149485764060179446022206163520544772722164150860215634672922977091221331455914245087808972698647,0.00308360479335370862963656390925416303132355243308332336222591892770244779534407205252244779198237214
0.6063940357899452709267170558651069103043812673851731647115924721128686673312408147557000057604497932,0.003074561961455218210603275921010652002892340986972870138928764553892857551216247197923357977084330052
0.6094640571773440260368877825449417379454901212003067976952397009050978075015388425062990190865207922,0.003065473163662349777502873154105312271256529940578460145683656449399531949676056752427997200606302595
0.6125249668405912493358021785751134855474269304780299490341055729268046350274465179490754702933129749,0.003056338535856157163400052005605394504303734594362315455802523763335494657097943123450877528997226018
0.6155767190178997186756855925467720253293637897676743323116627832635821830300381060758183933243735465,0.003047158214602870684657654118581616011647772981201049624384048502618797455393164503688635075576832676
0.6186192680843901801769021447731579743809896664010176237776531989158052166960000789846553429238008475,0.003037932337151855422806128380101252292267094284528570598779177375811075188563278977905304342218061848
0.6216525685527734578773105043230553303472243702160833717412309129293943824299152228233317283487220824,0.003028661041433559293283373401215430727804498835740081291596940771739725451778776633150731652872699025
0.6246765750740305063565705056223877653258246407393832385263169527804421492783581563438835548709214545,0.003019344466057450931722136965851115535829321451700074152774720774809182352834966769306650305912315338
0.6276912424380903961683501989884860680310538526707840293288237383926878816276260135308511982514538597,0.003009982750309947428614380894502132195150549726717613672942131301296003185319802817591633981784757526
0.6306965255745062219442882619419208699421540643709746891809438157549591683553521859830849753085357712,0.003000576034152331943333790832478472867414348350445254922145588807020690469920203508080491559261495941
0.6336923795531289230646235702921068041472654793681179410257429171017164206177023104069477559652086334,0.00299112445821866122864891837305101738654929112921049855738876699924753215759663156856022417206632154
0.6366787595847790068216116755206749885740129974992707693522670816221591818617485723260803871991473151,0.002981628163813663097010285401925860345357643323648522799129725616848177576751525770268453566980477244
0.6396556210219161640332064913387221885209069037274093592795194403245487107910398920864481747362233999,0.002972087292910623860045155346915901489573623567849385680612669751679128340064533356116171336446147593
0.6426229193593067670959941886676573842227952524061370311870695029885831654602866620551582237904135695,0.002962501988149265772843580888312554152504483048155032885324113885040073420389371942554306757751269899
0.645580610234689240498024663642064745415586210012948528385773214549320406346707764485728890079409562,0.002952872392833614514768770391247849738292354646157120007497818989994583145065126667699131996836911539
0.6485286494294372938439935042738797843543532229937316838165151138079531312397370942204243095362087542,0.002943198650929856738673773628349767547946109491894736907521045239410591860512645877675698729253849705
0.6514669928692210074771836626379759833186025029755403747585614618378596234426881626404903401202074864,0.002933480907064187720554969043463987236266888075236559206467930982811770081181097852401470287544341449
0.6543955966246657608146805631055539517966914844311666570451246234924995290592572662836015395717021162,0.002923719306520649141820837646573464414114932504542029246285542675279498171711331203900563696376768048
0.6573144169120089935446266633141300365561163043194566483114009338656965890027734983452326203805721479,0.002913913995238957036502030414958343596874612000739458201855661801895154521327694159885274876437053793
0.6602234100937547898666810510643505580643461047145939001535815546451143843529070971711929083389550957,0.0029040651198123199358757746020408098530580623649697260263669171312772723325181813998544123889646357
0.6631225326793262759893960228168161984649368226709712210533312039557820306101841057839751307199187665,0.002894172827485247243124217426501749560297121057807838366824220720063218791905956644850819349583102161
0.6660117413257158211309152613760140122956584324673518240668635992053136083683378616787509950550847759,0.002884237266151347870792371040737303877883570487025123733952273265498601148235164647268028659000909883
0.6688909928381330323022367229570372098614125431895001026233828009370745034708525282533615900829427124,0.002874258584351119173956898277530557198101964852794013259299929346423030663263672854004160575495005504
0.6717602441706505331852671662194377664411232447492566930495277948589460437453617041825701627588198961,0.002864236931269726212162062272360937609628149747281206190610908391368190552729986516910580115382473676
0.6746194524268475174510239149358607464121414622109322146170328164440232201646302126189384038872129282,0.002854172456734771373323752488942203210616157648974874181099880332163218407959657724777508244339056431
0.6774685748604510668966124464922392946291927320588762255699309056394582362274853546634431864851082524,0.0028440653112140543929465927777561825511561725316335763375385192970538486697351843619293838152869819
0.6803075688759752248130252429866296830975626835987073700385410320512334594395764934891638614858393445,0.002833915645813322802142731719467113524245911417012320094089138738708356694829692809977543973975823447
0.6831363920293578150293675307523041851256135250825176672762690159600153986601855969082906817182076658,0.002823723612274012838084009502680756456037755638325453229969566175345776761589877314995426719289430865
0.6859550020285949971128185659838942492672398437939600997795592730112937043662919303145205514161838533,0.002813489362970980850661786821701633648558780702656422281324725132714133205998365933711365222082803205
0.688763356734373548237482494966565268216205153362762466968615150429514884343574837195247234519823924,0.002803213050910225239270807625558430578290085996458784406900063715046764351277082325456403450825848143
0.6915614141607008622692700212454549179327612517497184716092155402032567822147423123103571486675997642,0.002792894829726598953775046883141050942554583153889037885182183921508827480770685384510362381423463647
0.6943491324755326566480806408563701763633635979482572966949816396102025283316945338465821399643530585,0.002782534853681512593854564737106688792983756178957259535803986505032995222900331534704501745185318368
0.6971264700013983776828245502896432181599172952859114668283083410111187193955955969264887981975103961,0.002772133277660628141072947395348033887666403596235558855685962311561007383675985906848264370535303181
0.699893385216024294909232977895721688895348792935291918165415164545298234540512765311035022780279905,0.002761690257171543358144960755197863366469982273587350887692591928023991117320379759178103840765942817
0.70264983675295427519495512358800590056643080101487128621505879730959276987529608709590661725250167,0.002751205948341466890023572981981356082902960438018717579902361402185636485463647926811142290604858552
0.7053957834021682273111285974939089560402009628856329558945507423533496136761299692975584254599713955,0.002740680507914884101564514987764034980595690433671455867251072136934299688709554972680444461084115095
0.7081311841106982077244377071090999224729817656449647960870069218051833058852904025628328203939142946,0.002730114093251213686665040903902703527385541808644388888732636882049135271737091764693466505429260298
0.7108559979832421783986396339121224215054158339030636559836592261431207719263860604750368372384127786,0.002719506862322455083911522146040312562504310387470420019532530513097076705108054202195039220599955655
0.7135701842827754074296419416245744070399830914503980575001701398246689994316798285862389381034739476,0.002708858973710826733907956474321501692737743095693836852370934351143802001676838341068696475333398245
0.7162737024311595033734554446291899859634783969144936665093983845867355885830648482954163282195546578,0.002698170586606395213594395504798991526172199451495721105264917620351991685238385405546905934460849584
0.7189665120097490741617237097119219331217837149420741917792397225397303024156452063171576791354272979,0.002687441860804695283000688388386418118054727102938296959486794860769544986202409405827821103088969382
0.7216485727599960015350438384641710328712553809446134553061396248180530620432858149296016620712842241,0.002676672956704340880016803807657124261786458694843111011910271296571639306984302973379834366456385392
0.7243198445840513219599421505278378936990557368046830216412100562898411890225984826736175345180474426,0.002665864035304627098896325023944353620052022610203525048855115599480096302922835816357259915068159288
0.7269802875453647050311524265278972557935180012959314555749929177748467184510304789661481867217431617,0.002655015258203123188344511420563270488646641016477836667279033026622725423118184452271481252714416592
0.729629861869281520396762939140919955474593292087157073563430151412207790212111266154327619260299774,0.002644126787593256605176582823948296571174921013281809648612693817176646091173476654631970528515100822
0.7322685279436374842798510644152247246035014400490667179884613628402885900066665717362774429388195158,0.002633198786261888159665607842942020271947308571252303416930382373182622765423585022139189078684424862
0.7348962463193508767064102843150809401738574999344138134801185800596373918258057805884105526412338835,0.002622231417586878288832562555771362766890811503797427398694971443673130833950491829734053963991579411
0.737512977711012320585693324646231090056070694900684513584520020956923642343807825203748528195714949,0.00261122484553464449406376911138037945657338292631749306503953745228358237926150393283324575504282059
0.7401186829974721138255464771928859847240497524217999315086517638168618260110287263496223376078433321,0.002600179234657709979573023222393210388060111111529185422297338375486069974159183619628180799775158537
0.7427133232224251057018932862471893779056468531071723500810931242168868854576068225306909398661018271,0.002589094750092243528357273145420872356686608245030607491362068842507571162044303163103968224546504125
0.7452968595949931087382401909696354396125053832121793086880240512415150495031485470954507933300243018,0.002577971557555590652425718613870865216747376633024684635426863018855196211759255083515545977496560082
0.7478692534903048373879218574593391442318903766173170246780710879454066813933761630778763359647117584,0.002566809823343796054212654360918931396415548628784919783649725605702173776442123536468933670473476675
0.7504304664500733648487792573692169191245495732981814509407351894594921572209107901104855159950374573,0.002555609714329117436214287406869911559541014544679451352458231761038470937234703464356528457746577651
0.7529804601831710893770685007713722777974391540904219175266436204576879400422424025408259492080752715,0.002544371397957530696019108255829126767341185676281559510815395182662620419221650705837093931707283797
0.7555191965662022015046324552352586791570547255034714564777266567127002620082830038609200237100868501,0.002533095042246226544030191630624021337303173712277689198611011300560685652959585201135779010550535907
0.7580466376440726436007297242822743554464022487096491619362467849605672301026642260443396859691226843,0.002521780815781098581306040460686795168416396911872559654035077095149663377554569050060055093907865463
0.7605627456305575532574060581751824408680637444693453639369390012091052885394696609024656885319384337,0.002510428887714222875074265622893210509766431927485519213410824218879119543556520760454451720880767031
0.7630674829088661820149111681414660367640979910460300501595768699190865247885972732555895990911158598,0.002499039427761329069599511527349079507731735957698591444901813889289251682038478961764071316113488416
0.7655608120322042809814086494807071201257588499643130188830855902467564147558612522339503564725335908,0.002487612606199263070213592155572203331062864046101087119737496681704922140406373454261146489998774284
0.7680426957243339449390977255531778561613768856760696220311684984213611584268567718338182625173005565,0.00247614859386344133844179172385041644729050551930114332486326433417937180401395693467522713860845618
0.770513096880130906566862237507213652613794724880497808362294830904121998306481507979859390305011093,0.002464647562145296836284706895977597106258923043741515607987455062516175303055407153762593967077842414
0.7729719785661392724476841560349248925260154052546975005787051178029367451245201088118775915356815536,0.002453109682989716657839861553220410760883033960691610085201619524906361589269208774858350944862903975
0.7754193040211236925673053118588900460668527448902001703115886859168211811099252502497928138354439324,0.002441535128892471386571608701463793092694075406764384050431605333143888485539812045671662401230775093
0.7778550366566189550489914596174628807330721603058230141898312623431301328780023744465260326796458784,0.002429924072897636216661545322464038681561492316896811429509971553501267919068591617845912528328898448
0.7802791400574769979077466320756493615836288808209195658952746335661611649589663526433652660684115706,0.002418276688595003876994803034836864736529792702211157516109828033401253267983457114500601616883425443
0.7826915779824113296459424330666942848401288077842847087879179929422525592157255060174119430338270727,0.002406593150117489396460138508222527377638041053280395516133808559862754202141974043590369086192102818
0.7850923143645388505510658813838522943254131994599287614434108347403285667736569663646589896306414276,0.00239487363213852674936373086915468256953289599929021032251049287858909992141758534694123687552549425
0.7874813133119190665951500753132063470658892147095639906367543976846971662243407775035116374556438502,0.002383118309869457419877997058625672933451046615972779003359666059567185914257533837138843526262451899
0.7898585391080906878744337181624230760494146930457049679065256728735862957431176723564830743173717107,0.002371327359056910924567558469475497337858349726157489853103051408015668898525394188669648175139618818
0.792223956212605603566897846758555173052669189983363299013382659088546506643678725480384062907576316,0.002359500955980177332154731438232636644458235019103051533915454129607444137077000507642020764647154326
0.7945775292615602254245503534594799369489236426965535276985626922968852128437837866710242661925805562,0.002347639277448571819806568534263697169086835817919679294728014001344237387206119298479503033677351322
0.7969192230681241918566705019966710219316646912234690681983424189668089007799619315607321779886128539,0.002335742500798791305344545334344252333519148854400687507257138605429887302639805941825280477017528731
0.7992490026230664246996860209514972679655050223031678545997539537861985254160995061280531651945091012,0.002323810803892263194896466760576931749832666093623859117011006418251877533081907961784484938230127162
0.8015668330952785308089339266466686926555274190099155999519558823273681745154113592662997924451575057,0.002311844365112486285628056374039183302653494397145051070705308796029453113118750839269275480592842424
0.8038726798322955406472523887788498200386913290902695505008641123003205430390910544384910557065185469,0.002299843363362363863308989548626229952932046997405736000649495705641989878557750151401608843346521197
0.8061665083608139760851641145974682645725939611752153541912339447666988787135053785671062547243884521,0.002287807978061529034584835505524219937165177598274097861961738930694325016367474400694547628118534964
0.808448284387207239667341296531061844514414663811320900532728841858074616814799657203040353328289588,0.002275738389143662333942482088548126867684336066396883638808546068041666237296842237989002126731591964
0.8107179737980383176400875478857995467307857991293997622635426221267978392173941215926534384313942929,0.002263634777053801645472129238280247763067126818606631636971106307976075776020590434320852865772130687
0.8129755426605697890747328439420846355025916969634369916511218868895173319542150080488464908697568939,0.002251497322745644479643850727230784672723596982719956496104349273403000548448449975127734518369627722
0.8152209572232711334621126921616116970077960426941582070363994164261356685770496730044157590120046244,0.002239326207678842645431037212931603976110832639221074077250428176759970427347026566131765342060519528
0.8174541839163233291936919743677380240284945472445406815080305115008669620893249876299432149696644851,0.002227121613816289358226745430497960299636393010578596834080014556090487429814289411544383612695012284
0.8196751893521207353853965331430218302245191969047799261779751149920837269710494812306468379944894522,0.002214883723621398824112086776617105962791278556898449175361068617962817559826962724812698845823401996
0.8218839403257702495408310101700703769135865027559555884047645656120609748329863105621121356976283732,0.002202612720055378341148292046033295658408423266243303604955137991579557638102320884905331231997797695
0.8240804038155877335912890801179295257741927997213423663729416796988880947377498729034883874588757683,0.002190308786574492958475986100048458661090311932165894303094588603011846363080806225592562435414727762
0.8262645469835917008908014526785053301960394798345460735392271310004443959269387235364292302985913678,0.002177972107127322734116495223583488309228604856169008664239972191699199623899430668544107350138037798
0.8284363371759942567854172286772090848174288355046778388839636835108257525042314414209361602261351814,0.002165602866152012632480689331662412269976248284426587353891611221318538267462726702937399139300598135
0.8305957419236892854169747834892908735271207357060402307183731165363961695313107161116641486530313661,0.002153201248573515102700929506966157356702855608017707852079558819612140323451964526142410723391020541
0.8327427289427378754627887004581536043480182173892967379638455936401459330599356711977013482136133645,0.002140767439800825379011147098065249775356232905434372472210982616174458381540405595766571182297262295
0.8348772661348509775539587753262664843754559454298154305197312612293971503410078098716050598113831127,0.002128301625724209544508922316509059183251980957900586196111776270472707605851902779509519097348311457
0.8369993215878692861563951450903916111812806736767385723212554726269049209860804674041498533327213225,0.002115803992712425399741656497564313536442943212989623260253095440051470602013608439637285075966991166
0.8391088635762403387401495449880042552460482103690823230379138419957275578014582788189725168090881601,0.002103274727609936177666541516938925461314550766813726124150367891994335733678640020431594966217281183
0.8412058605614928251042459479145799139084275590542078898619953601671900157761495446852522299815754859,0.0020907140177341171466410208941896891666448024925902313679531078155697630106391788231954512745355108
0.8432902811927080997659137724895017055857336610435420788692854868195616019160959744025249127771018793,0.002078122050872455143206808501323207436015548382450103020685105747701081670431615433030916009726632107
0.8453620943069888903649428389131564627521726405265515897948676787094274395286195082616996098545081902,0.002065499015279741076536281201630483521542046539736457276492624050376290718684786152689627142442108601
0.8474212689299251950758006840562434021961898624431787307960607700776910168567074055005303674271059059,0.002052845099675255446515189871062809637709598068872484184661571039860708103260799061201794477151385441
0.8494677742760573620621790959806662483808865931152145827889422993971821128963965400771815615714054791,0.002040160493239946917540137839538625395879933275301935797303809407853638606715671116403376762082134552
0.8515015797493363440507671691515356394586581780005490016103798038861329830606652759928744229991460124,0.002027445385613603990213155607171235858574940807955438544037294239936828616096056834068279271556517985
0.8535226549435811211432821895983746319362933268194872770601381593971874883010591204037075657756150609,0.002014699966892019813218954555685645165862211053913609982121015152795645737913275610475514585623781261
0.8555309696429332850281266076938776176545861140088224843147755252732775032633018856982361117505729495,0.002001924427624150177773069146999201368308986887129632499964851171869488894909092760601424818959387647
0.8575264938223087777954786173957789044203222902049125915766563806178139573919038851839424813898558652,0.001989118958809264737131095684884448480848244961549617399705247488471800579224496615719139944544872518
0.8595091976478467786021648060277224102106083278545089662633255461659020320200691858024096483060570133,0.001976283751894091493750605068526357771200295754642282730100119335268289108036938737137885402904310264
0.8614790514773557314753053382285914909917920655679816054848091361766150637949395635512847375626981598,0.001963418998769954596798046100509703640339151717107583723331696207753545523931905769653146489854537535
0.8634360258607565075864645608880747568503828273335303528477658311006697253510965633212136286242554569,0.001950524891769905492793063898104044946614102206556856270868556231024715214664147189038658649943842636
0.8653800915405226953708821311247206632748171769838008097250917090360074305896945579464545610410536567,0.001937601623665847472282133932585941715410529035148182304208411043205214027138751837217263020349915809
0.8673112194521180119093011442386989282945054260584683466233637452952785766235527537853465405213373531,0.001924649387665653655532255394679285374623680798160533893506598961968714410969162211303595430201374277
0.8692293807244308290329496399183740645652514153256390771999544674160308769044100646173662705273604997,0.001911668377410278460333657240429239715047724069928224332877545396645846361768751856040847009976894694
0.871134546680205807655369658958193538541831998314688813139578400929779262038630657164715709066745696,0.001898658786970862595098045781109835777534321332833626475329799769887532924097453505692838178785502587
0.8730266888364726338780230749317338671646426304174313648428028103256886550247290582120719770111609152,0.001885620810845831620535863506052457896342462485541510218459093747958073689832199193150009778845580192
0.8749057789049718504599351007475222525312933592135664206116739409867222468475862266031651339022130804,0.001872554643957988123292334533314420604815126618906840584598482258177522942179372343654775873538033283
0.8767717887925777772850640335057215322849027182382305957071286288225974617784944567314450072805590457,0.001859460481651597545017742346453131618151846881765664498987061857063612233242253385481073119513065048
0.8786246906017185145046088170172975864001236942012162726500696235933814490093785948376494869148960981,0.001846338519689467710442420095942667895404202445526525618309919856770792057402447819688797114810872404
0.8804644566307930220750837340565420662131691955280316238527070507910236536620539988474103085142157076,0.001833188954250022098121332656155528591680162033692288927364124205727241393813653553761780507312569478
0.882291059374585269456701354214218444674200946885724274320834136711545862713925836322807241415316743,0.001820011981924366897606892918131500395613689447187997138416995561051821685996903523124672045176998813
0.8841044715246754492804101225896299664706454306808163280316392461234593917675508151014893739241994872,0.001806807799713351896901782714689715573827902224363588584026521830201521429733147325555175865241133877
0.8859046659698482488358310443331057326619162182539244099609139145032430666711404955219907800498287239,0.001793576605024625244136041750869512636808085697816767325021816156809300822894763498924232352898595561
0.8876916157964981732763281655859659125272130960152233616508273101967283467165215219924209307577549007,0.001780318595669682127504546584974593342136420005026012466144235482111343348050325001252948769895266917
0.8894652942890319144815293387694137979560800361049600977875651485649718718787318311668450131626840349,0.001767033969860907417592226934307330765133601637414921373104376805098632084908691230164471843005267901
0.8912256749302677595617864565368521109333051715692672945595199933994593335599833593094365099613061155,0.00175372292620861231630495947553064113810221648812574385138953818107004121393013202220301799131545007
0.8929727314018320330333273123626706639777195791719275831669450103557005547785315667069370953641775732,0.001740385663718065056714041260921046828266055987489969278071747045705623124845614789820534815520885866
0.8947064375845525667372038665718508633608558849250735707035781408203379654076129188300666532858443643,0.001727022381786515698211477576552968631173751350822509493781090877784351968378669467105329683708033905
0.89642676755884919161958333636343886583190548316398867131864274819303946708750604233104986614360177,0.001713633280200215061462024569830232519098416677658416314778673852510130784780321384329344580597019143
0.8981336956051212455354585610239979402698578582503760786869139310126194080151511193313231781855592279,0.001700218559131427847726007700292728157022666438305836072534290077557530373987650570743273621327797463
0.8998271962041320912824718956814255672795475652506592219735864749225846484742696005526477734226684973,0.001686778419135439987214395878616804137992727345956997169993759248508773953109190630467161832148016464
0.9015072440373906391162518383277498661045177371224543997208764511893528049545500266559880699637880578,0.001673313061147560261224451395697871350714335803543769353252237259342841568130626128190161584511131072
0.9031738139875298680434530787609301300519349092497203335306581375582712029373291189659788773108868416,0.001659822686480116242890501288429584190536546763883823451430091227529927530653258219955127751301513699
0.9048268811386823402335680620585050549756122203347005461478580343470184393205240391424519379255911956,0.001646307496819444601469991129173940730429719383899306266957011245561648129593275286922826642059733816
0.906466420776852702935540875520061258318928226903845120576065458717897809407339883458433576085064564,0.001632767694222875815169992530647691787039694538340888671792989734572447411018990223385750763951795351
0.9080924083902871723302616945648010211197064599602911273380392854827633561801204479515911294603340195,0.00161920348111571333760374686131438024180924377147482385674273180335468794069824302553029857908817175
0.9097048196698399937951515640655405691372869472212053773607092366295944421585450899747531984559785243,0.001605615060288207263050646564601932580239289799100040530355018429650048676063527947598507589546854258
0.9113036305093368731022623585341320811279377296164510885072240869782181826102346030794950658728255102,0.001592002634892522535776289836200576083577482956813919233359124132271471023805053592164049642588634099
0.9128888170059353731166147772434286635397737653862384175320428559561840443722685392482492951161133554,0.001578366408439701748751903101684721043697269561379128173141066406168415142088581521389515910529954116
0.914460355460482270606877618046518933293101242907043311336603310719470204892184741545229687657257264,0.001564706584796622577194518855058078658006799715493411819858373812292871641658675550418496662587521256
0.9160182223778678678259537763937080943349260259303081797336543640725943478406485880315704097006143448,0.00155102336818294989243083547246580298344208329665143379434433820442071009621760432906265774615061478
0.9175623944673772535645818861924123107148627604305979317409285096106058509508896130175249619185953521,0.001537316963168082601668683696707864067243264479502728400568586765171462165106653171902441408123354753
0.9190928486430385084266867230192230490226898103148522362703632157366023358896729020962219250092763011,0.00152358757466809525934049649010935659466374686727836803988912398846663279165768312531987738033385154
0.9206095620239678491209159099844820416770501853014075844690270950345578034598769880784685174067551669,0.001509835407942674495763141812712462789410503036614972970070777177328716216994843998053928962772929021
0.922112511934711706608584602549353397786165610468808405961240356118136368346781934630370272724095528,0.001496060668592050308937950860552446702626353204886210757913769212283448777078050751130549807730228904
0.9236016759055857329941132016400454302702160736623926586945885434000277131994240935109852086949495056,0.001482263562553922265393779301219566315389675309261145489084902577144475092666597050310707212593497436
0.9250770316730107320899852987107473896680425075641855470262240897222519001244084126147324228492789237,0.001468444296100380656054500992312031171386598790185063858529295948975161619277039005864729473516805716
0.926538557179845508634273562796955701739616857475218778024327263942811910967929779335672872554909332,0.001454603075834822653190480924992311045667511263590297584662510365581974943286840036284278580920452924
0.9279862305757166311848797391794799459545807305647019124903106058141322880520506399429610773537399661,0.001440740108688863514591338993995318982755376697439982027697235911922780448249370086838275058938678512
0.9294200302173451037608109776450937530829536925861394526928657209841557793026931516655057842289425297,0.001426855601919242881174735450792541980091628703109080122945786190948615489607627408902951996486697728
0.9308399346688699413470680203937563198862421004084313026313401420626582911670540091901765046399937794,0.001412949763104726214323024497353314348175383589844386715787482404358155443012693282556481377930153536
0.9322459227021686444260510751545663835298058246922460686870035030897185277380705693180711223350349684,0.001399022800143001419316482288623051675396499750872761006464932390238036734837592599323132460491742639
0.9336379732971745677447962489670545750658444094831973956683063066174709852889274486378718486477662491,0.001385074921247570701308474293870477136557311402528119881083368860728555274078376579758229834709710581
0.935016065642191178573839051774923785644143598188879737938863348735797116569233605268682580891000565,0.001371106334944637700364447002643145117182547557857088609512869893424984755855817374225050675606861525
0.9363801791342031997600615927610041919503799519356241775135686595747434150162428048646719973035876679,0.001357117250069989952163081844458121463152643914506518205280159391194048443796188397405094750563869334
0.9377302933791846329225166590896390997233875024582025762178715855878574980216320779666147979392330363,0.001343107875765876721034416816887037085067928062086499521754552660644254903943899592530511123310350392
0.9390663881924036571869349470392541856326970551908360427436147370135064227161237006896386837687384479,0.001329078421477882252086317598738018236048016882253750104822160941218753958041503227151793336668602622
0.9403884435987243989014114707274948096224629732835479029078257368903007665285667977320513532929633934,0.001315029096951794489247472691546506014673899256120376127044407624373750207728145668211635149844233776
0.9416964398329055678226338807716157213840921816183272460630350022517789039608866774021851010198443635,0.00130096011223046930613222034218757226356284198095133709280135545320545946206638331500443995525885838
0.9429903573398959553089594943949850175869079427763484142956692902762571367097655311648430894069226475,0.001286871677650690296710131341635711408823420214657937174130305799945873324815934010910133450991497882
0.9442701767751267901036698331005603629849948983020061035058366411227167319437829308213087994791189432,0.00127276400384002417284153574496611317876118161688898099030060160103735738808115480371343094961704926
0.9455358790048009473388321243389601800512562451753610548233374438472826150885685281404934824962343343,0.001258637301713671815819282971767820963619255585797962100699446224348260380528070312880743793359112374
0.9467874451061790064373774941400688339110375493196264611414482987502702920785055681690370970007220902,0.001244491782471315029137183100020987381437023410304694452121927090144220159056096992621508101458695674
0.9480248563678621536382666393267402143523771767700501857230152985617713672311551990915414058897282626,0.001230327657593959039787046562242148691982046607917840921149921772638575381536517666025828348982932019
0.9492480942900719249169570754019039394440251709459277537866344456430040692672104643354779385399769529,0.001216145138840770795469314543366626244323240672735311349739226292675185865364118449427294612406154995
0.9504571405849267851208133820151693197987456795698489776253458029037603786652321877857676331791733763,0.001201944438245913105187295394030457646895136245488123460649902410150088463408299172626002137733592926
0.9516519771767155391866153540225979086830252178239711199159963307295252917511929735289463373601676071,0.001187725768115374670782391459811321825415706616038347793561906433077403925335377167783372494143193418
0.9528325862021675713549211846785106419320442580935694644433675590804809856060003582725885652595560988,0.00117348934102379605705787988980036319204600001201932537129126468174416819067051548504640974893058233
0.9539989500107199083437368323432969331452844043223198537595210504293379569148775736581386680239929004,0.001159235369811291648232341932472675173125060195383122620635197792881866140130803354268512948314801444
0.9551510511647811024917322135082814968555300603059170063195752597231036670910815438688419784166452873,0.0011449640675802676385613515244543152676460452773209494198163869787603436694342207663464432750825891
0.9562888724399919309291341696210299911646603839408545481411353214447639847623234032724432708842070107,0.001130675647692236105068278030340313693515346383074288971608637281968162305532302791414891920945364548
0.9574123968254829068824204249788221726814652758626579200501589789934019051175863177306420280955508489,0.001116370323764625210432901398943263687994248291176292260157403039718004232566888608380566665231717085
0.958521607524128599267044085895952225914379410012522375027158491212246820406886101313230649090225716,0.001102048309667585584201006067471263675793235627596771295287587790606950897830668181114171698864982621
0.9596164879527987567706418397267450476128727914099494109862761490415525076343198919080611716472180355,0.001087709819520792930600421234576250435224397672093836701826178302498722354348534651173712762788576107
0.9606970217426062326775294232156510009023238263647436302641426643206919609959688721426223208322467601,0.001073355067690246911380537190422701310159374333849512058789847730043520381632393005193039937360315475
0.9617631927391517067337752248559381603973057249319054848554522594206868754850240700477261744145567853,0.00105898426878506635223484008034633870745609284033154272318839128605577479484062183956921950488349051
0.962814985002765200400778989741604944220126449411589759228284188059724749022142335140279935760129783,0.001044597637654280821521475523702553454979908295023460729036629899705844017356401211992906745564140428
0.9638523828087443818940816203983145842732635965067049376918857430738943200872082624867968971228774377,0.001030195389383618630167658608784622652629405539177884758950417380129775692278139139774738883578279491
0.9648753706475896574531107309895804411021896184270026375588089297007954530896887032390218130223891708,0.001015777739292291301832734841389098225534074449534467999595215259158447484686087421109210689421210454
0.9658839332252360453367447414152224804728699009904665934940644541265860427797354362043492113453315275,0.001001344902929774562615257557778053246384870327137937522084856240501216720995835197171342694795396028
0.9668780554632818290889794368561356890117215923307873946566263051840237477713231156146881093746564777,0.000986897096072585899825646705564225673933686268914005534208473663415830674342426620237660894866102022
0.9678577224992139866686330709569945978925611454083715484569562260395192179569068200056279529428312163,0.0009724345347210587396127118724554740943703721653999975956525156958184430586791424230616157287579754119
0.9688229196866303920869626215790183834923790612223450539789401929568277413170140107591347761266756923,0.0009579574350961132935354336000893501584521884966157451438830712215031345814632325020929400325997196539
0.9697736325954587862473245435425735169016188489757513291420021685886604545472379316585356671209510144,0.0009434660136360241245179920909275448567344747870477226828799306403363358347954053837741529035997747166
0.9707098470121725137316459406428100385271741942140921828898389000568769333562509453673660059859376091,0.0009289604869931844830246937197012150892562203889508356593393583197778090754251472013301911561212019361
0.9716315489400030223295336050072040214870557706474686553342571823575837321705595048322806482726597058,0.0009144410720308674647525905949719272571567204168096614816659923414426699135796066737959346495080793522
0.9725387245991491221574074607058093332200387535616124216458506403590048468928819736474204178338760802,0.0008999079858199840416758985611174497339858003679036335426141051108064531163441698387266477668818328995
0.9734313604269830012671842488759764480598548082158382180757384229262187812509469333907503184062890939,0.0008853614456358380189032797888590213202964761462723465412619054480333993436431961910091394144632416518
0.9743094430782529946968566150836799274863054040872362279061912050963834702463070213978681710940592596,0.0008708016689548779705456351840015041363377765337599772487534779650860226528071189113939773040617588055
0.975172959425283103968932975558474350364941480210656253569384285108830412210560250877375364620504271,0.0008562288734514462086615574779983567355208104081247504010814987040501963423754176839977303712756850514
0.9760218965581692640972714375259229268869184854597154766388983303971928497979864937325396112187998437,0.0008416432769945248403787654985443102830396812670267800549974425934958348397129033686116250165580845253
0.9768562417849723552185354355836458302088922480738492916382942374122113028368820367479320748277723022,0.0008270450976444789695182270106492889314276743649695621353725026018277271064986530166077968259847182872
0.9776759826319079560215381073769710468627721424527567940237049955361734992910779737590665078220585006,0.0008124345536497971005174237587796269875511500555287522198574049671296273663897331956082095856743344082
0.9784811068435328362063946144957324087687279740246712728292763471748680631115653837528358467785999978,0.0007978118634438288042153253526155351919824010803763848596264365063699829245905675691604157266879983853
0.9792716023829281852659960960229055682022903355141080950617047645975269045318722135468153213067315703,0.0007831772456415197071929265844485300529734726110270598547937475904663167715936992020268667268955850147
0.9800474574318795749452624497910203296477966696405202480431361190401289034277836124985175960658843422,0.0007685309190361438689460762577386726561288992108913428953170027875795723802156624566423459226934730801
0.9808086603910536527994276134634550500682816079052720309365961928811636807240699517417513985092364484,0.0007538731025960336143107438854602232056015584335525815951697426954651361031293507362775195977975871463
0.9815551998801715643418872594380460063065988720882237395722205106267826641747511224706826013379726058,0.0007392040154613068924028071786652481323479564393739286391035364334094279483481844289567320982609721298
0.9822870647381791013456775380789650774682019711176767202107155096354157059091434059136435650154523609,0.0007245238769405922380503791438320945808578663261219704186314707277233886909240218593284359576019980248
0.9830042440234135739414361878850624069699724357865764807391088603321152023715455744622924856738298031,0.0007098329065077514175108311306471389758651083981417260993482132110544429887618343635866770223228274243
0.9837067270137674042399600441309588235931915383073144599917522787483017299858533512436661857551886478,0.0006951313237985998474648144584434545767784631980349091585375909708412632919404111859061995421361748049
0.9843945032068484393007794196296627283845309540330262478568250389261830570303651999376484858761678195,0.0006804193486076248852370133841367810478759043027126359398825523624781547107542119146549813100860425449
0.9850675623201369813715074767814995917769636398608580163751826983262390638277489322046862168268346585,0.0006656972008847020993894790489481524284140897919509695087325154797952469172840317080363166102521006436
0.9857258942911395334386300243722526595069531312626109386593833268700394397718704173309359312381512182,0.0006509651007318096438957232840030717371292903213511667704786759095741415442916542382369408352725988973
0.9863694892775392582621369256428950097610106572681681093659527920273469599947792324141884203436820206,0.0006362232683997408768548405371754944802705736390695676517468364448811102907441312978727124541117361374
0.986998337657343149218166264283717817545504091666566377117888298790117687995914855405989074094840939,0.0006214719242848153872292042892198968306690305847899684613383484931063989567720878436146017314808081905
0.9876124300290259114510947724083577180973593639834291728290273853319714968007645002753270674819483632,0.0006067112889255886218250894522320354204840413659846183525551949568102327753954379038922887417303230281
0.9882117572116705520463875818321250310263842502797887139537025490629129135148265506328762279322482894,0.0005919415829995603416027173935788589446911635296438695316039332463698975900114749774714805409471649195
0.9887963102451056781873740678257424479105618898077652708076908085015113153361196436029171938751573677,0.0005771630273198821839801148256788047126569343112240292782493581239364451499604975188719626886653522256
0.9893660803900395025653112239623684136995489733630893174356115520935319242909631500000766238634926356,0.0005623758428320646695734541784611993804401415343919714856323248812314932111933999743962424083615095612
0.9899210591281905556890858235255326034335180565924946139545336336751791968587345330178229530840199784,0.0005475802506106840725505397652025512643612877661164803989074734052599048108752675401801260253373915581
0.990461238162415105210737777878291912848040126332329436958525330120169964099875804573726179249043914,0.0005327764718560896799933322633859625728323224940992422271870973425567731618044309602566003887423259655
0.9909866094168312829754161893616482814156839502385431825702836550927172687660812715744940238701541199,0.0005179647278911121064072801757326692508416554559611066580113904523041977478747117530250593136767433887
0.9914971650369399212598820355347669137034384837064513939454524543474240882513192116829171932056372935,0.000503145240157773517393736515649334554146262598733906226839863761165953916091040189463102917273393432
0.9919928973897421006377528683545029690058985785587743186503464764794238947798259184438255433920059202,0.0004883182302140008692791859530044569582217228713188738203384803490560101936585978067573424900778116374
0.9924737990638534131791194886007776635632274116668671232377670364267638681511136052228245495780793904,0.0004734839197303436144175822503557577709854864507240858440634206512924431624241138076125367742223666969
0.99293986286961494636411275966384041132724677213803862122985133457358286334091328827281179185597688,0.0004586425304866977911883295131354177870062493158662265915327507588560547349486128978386622888216146574
0.9933910818392009953154775098223608605662318784591894743062481679724697619807873842603170541657092121,0.0004437942843690390659643735491028703593618914538605506913059926044471034051612059066434999852073479143
0.9938274492267235139492192979720258482453780193988374147558444926944854776216568992288126427787411061,0.0004289394033661681986078667840650661505190365983266796546430786844804132591806339298836375027408763708
0.9942489585083333197143444947674650476183961310402381775411843496033400213270801223984972192248277029,0.0004140781095664736777492099284024147228787930060269477636114792813875067564676993144692636586931784837
0.9946556033823180721930579959325214827686335774217034897334093279635064993826265165316467685668759656,0.0003992106251547180890812664896502723823491892105334289466950334952298986968194706818143547698103141782
0.9950473777691970536253495146424801491429157404912839704233120388984631492035597685584562864169003616,0.0003843371724088574008354391627995614641844632793825314952700183461447683429766002262233134291734388175
0.9954242758118127903978913856055834179256734396948483842207839565540211074072613865332224857907483286,0.0003694579736969061796448644141590512487027444144172012458146228880759227213738226979436196726656366813
0.9957862918754195701974869334205591413523686405219953586914561420398413314328500389920102441696272258,0.0003545732514738674208819114381742877809589380532129703432630576151833687693430983430391076829419100255
0.996133420547768932181080363646738064632018361021049416820682654914708802411279170291343787214922293,0.0003396832282787542004195924553050740176696834774254910261888505651237834978727898604289625267605427147
0.9964656566391922407618854173236285976623500601974466618806723485703502324322671321048754608731928722,0.0003247881267317433682645404085254709451154289224879055379340939711669970022864980486467897602709112802
0.9967829951826805031846025750483427024849160423197449721446455227189204176003916672882129806710133056,0.0003098881695315217178393756159057265419990168167953848126037027969181656950026094277684940180754461991
0.997085431433961666245555365967469590955022978730338499745209217838580640576017430840955890308037258,0.0002949835794529170500401921871105886301881289472513988073118542198902549995504862595534098987378764927
0.9973729608715757436589728335240557810569315563363127349721603407600855891417456480948646483444084805,0.0002800745793449581992114465616445167577890092883583771182393699173121546214453749389025162188549729167
0.9976455791969483086449129723032707169204003699914093765314820405426597097564728130603514053064679942,0.0002651613921295933525904154020486856521137291723119833372271412966645090505056943703597712324736077266
0.9979032823344631813251098958179826114083629306236739606123243167945462601343675295684407899108313411,0.000250244240801440219117164157593992362770907670405209299591989646296953301467740790777995903143369813
0.9981460664315356276078879369299158278967181841207648229622334471409628790598190536108911864333214599,0.0002353233484291921913854123991726486261240622824425267957692211184409420603339340745018691540802352365
0.9983739278586882124714455523835876797795919702916479808606724614245932385159882451175234379289999216,0.0002203989381597531925520158254759769690423691774937445061796448153970887850939137011694203994843959054
0.9985868632096328948217823290860291572287722326487917736398852304229638781585682213828765268869558355,0.0002054712332270039199063850504722775207949969927728268413469521270245478225716423616466902746884037128
0.9987848693013655624332402717864392429047422673926169624125141020395745297697930136088443878187192701,0.0001905404569686965573130583978404607008634525353801489872851439040951481913116958892666665236035881784
0.9989679431742841108841316659992890549504419443382414370719886782220492255380741142044186565713565014,0.0001756068328581699058639405637198305157146124872004502287152613817805010640745086902612482152960161971
0.9991360820923507962183385739885288316391581600997115571434534836111668486691705645505247877649417754,0.0001606705845642960280795312979607394128066876418298214268343373437140781467027508398325505766319551971
0.9992892835433394546617525863466704772671451086745038853363521709712071365417665515143382735997816147,0.0001457319360680116773387081654610935043602641549553591652677008232453836805384692942879765878909119867
0.9994275452392516531720471082707139341282324740331722137814570753074194364766826820423203720612816598,0.0001307911118992568029984385780161558102821153894399101438749574346945752460756564453648569476117013682
0.9995508651170878227504143147514864426097358502972949154236601136927376859598183285231243904538742071,0.0001158483376491128982910346567258079554523649353249142862322071852777642179738950213861564058861318946
0.9996592413404196414136210709073701573239114048297110910714879784129559377850947995222205928120295141,0.0001009038411681243782127804759598432336765516977422873834873510995333246960161117845892054850918234866
0.9997526723029461583349459473456035276884616849880360534301610010487994244713009276720328723113655864,8.595785567167667330638008746266259074165173045393842365641885852591590002177825528367209117304265261e-05
0.9998311566375910527069274835028860744089308093301067887931008112435072119600371382255603888092693911,7.101062893978420270451275132899603095322225952086201570859973825477953823373573894144584911147103653e-05
0.9998946932438071770208056265356534677854854945334125487038292671540493763878459399395539143309457168,5.606245601090561125138384206383595635846058751819170866638892232920467144837264534348567007055626005e-05
0.9999432813902625148950593321525275681220925632976072548334769650327275178271207624080660350167055433,4.111383032924925633442480533530161405914200676572263301573526318457680527610401128686645578421428937e-05
0.9999769212657680935894350033861873480858276283916927998964647376662722507595366151897110220945771589,2.616650961997559447029782577782306158524866437034751107304492537410295486934933868455115718569186611e-05
0.9999956198392342440499957048868161371101689229423344122715231645334743852379370559990075934033115938,1.12408988023124186462047132863475380675542926885314690871674478738165736100030487134990096403353741e-05
