0,0.269916866685311,0.104753437429589,0.000570214364416,0.245865534502607,0.376818719682169,0.862748389008227,0.258251009199855,0.586767951112774,0.847245062637369
1,0.268237921821921,0.098302436845731,0.000587932247444,0.245529113149275,0.372841593300921,0.863005045668771,0.258089612821739,0.585458559352086,0.841903928354455
2,0.266458334969336,0.092103567317924,0.000605176258691,0.244958026452126,0.368256847428694,0.861860101970824,0.257643188460857,0.582453855782467,0.832290573676624
3,0.264577089541935,0.086176100636325,0.000621848189597,0.2441485099132,0.36305707646555,0.859286984127161,0.256906871786937,0.577724758564665,0.818329362640108
4,0.262593247265499,0.08054127755256,0.000637860339612,0.243097135525992,0.357235675052298,0.855259742582867,0.255876218249457,0.571244268721863,0.799947402511311
5,0.260505953245122,0.075222418525488,0.000653133934274,0.241800844346966,0.350786960896328,0.849753110710546,0.254547243446055,0.562987775648778,0.777075008246401
6,0.258314441172243,0.070244898421892,0.000667597819327,0.240256983447939,0.343706323928311,0.842742564938737,0.252916469770596,0.552933455169277,0.749646314351446
7,0.256018038678128,0.065635880567481,0.00068118738965,0.238463347959935,0.335990409931149,0.83420438627694,0.2509809804082,0.541062792117593,0.717600120743854
8,0.25361617284357,0.061423667576092,0.000693843715559,0.236418229084716,0.327637349845125,0.824115723240177,0.248738482019166,0.527361275103559,0.680881125817302
9,0.251108375877569,0.057636499501399,0.000705512833921,0.234120469154928,0.318647050339552,0.812454656231849,0.246187377798157,0.51181933523239,0.639441829214778
10,0.248494290981347,0.054300642554243,0.000716145176508,0.2315695250777,0.30902156760491,0.799200263522933,0.24332685302904,0.49443363851279,0.593245652016821
11,0.245773678418497,0.051437705284823,0.00072569511267,0.228765541812371,0.298765595677211,0.784332689079145,0.240156975805554,0.475208902917199,0.542272402254905
12,0.242946421817299,0.049061329685181,0.000734120587539,0.225709437926718,0.287887114562064,0.767833212651749,0.236708584307031,0.454621322675853,0.488521727038215
13,0.240012534737707,0.047173719807547,0.000741382840546,0.222403005767672,0.276398264543946,0.749684322786741,0.233056499308083,0.433814388659203,0.436894259970634
14,0.236972167543131,0.04576278082186,0.000747446192098,0.218849029396723,0.264316545499339,0.729869793759922,0.229206873923561,0.412851690431193,0.387634845460919
15,0.233825614626443,0.044800746642172,0.000752277888863,0.215051424207363,0.251666490579188,0.708374767972879,0.22516339926653,0.391747557294551,0.340759560082051
16,0.230573322050743,0.044244903072484,0.000755848000334,0.211015403098138,0.238482043498302,0.685185846147018,0.220930723714621,0.37051898813954,0.296276582366056
17,0.227215895678807,0.044040402512672,0.000758129361315,0.206747675262071,0.224809996363012,0.660291188895383,0.216514583473682,0.349186409530049,0.254185821003542
18,0.223754109881271,0.044124507622668,0.000759097556724,0.202256685116616,0.210715050594472,0.633680635218614,0.21192195651272,0.327774733491269,0.214479457534476
19,0.220188916933073,0.044431245364276,0.000758730946746,0.197552900681754,0.196287394048695,0.605345846660316,0.207161244752129,0.306314859249486,0.1771447953621
20,0.216521457231119,0.044895537704181,0.000757010732001,0.192649162847534,0.181654208158895,0.575280491171622,0.202242490386441,0.284845844986708,0.142173101953243
21,0.21275307049463,0.045456259079606,0.000753921060047,0.187561109450619,0.166997290008491,0.54348048987079,0.197177633363359,0.263418110678333,0.109585513828882
22,0.208885308144068,0.046058098148504,0.000749449176403,0.182307690817245,0.152579927745499,0.509944366153747,0.191980818288653,0.242098259319148,0.079515644393441
23,0.204919947096506,0.046652395427685,0.00074358562539,0.17694811779778,0.138908902231324,0.475014784432055,0.186689895356531,0.221125614540803,0.052538708024557
24,0.200859005266373,0.047197250082758,0.000736324508637,0.171719698115393,0.127036531453812,0.44075364398657,0.181447638376649,0.201455589903094,0.03060613944778
25,0.196704759122964,0.047657186296771,0.000727663812312,0.166667802053424,0.117101510759256,0.407536565946626,0.176287320191695,0.183209731630949,0.02085795996894
26,0.192459763732589,0.048002608360658,0.000717605818187,0.161800552354057,0.109032725281546,0.375401157227104,0.171221607132963,0.166336528345756,0.02961167490554
27,0.18812687580708,0.048209201368376,0.000706157618989,0.157125857250571,0.102677351906803,0.344387545136398,0.16626410797553,0.150763725509706,0.04394525339185
28,0.183709280395977,0.048257374334322,0.000693331765499,0.152651308406821,0.097798320341163,0.314539402861132,0.161429415694989,0.136396212530944,0.057596320008178
29,0.179210522002068,0.048131801190305,0.0006791470823,0.148384064109428,0.094088798332946,0.285905402040348,0.156733135777617,0.123115068400595,0.069335135341772
30,0.174634541075849,0.047821091024228,0.00066362970175,0.144330718265843,0.091200595556609,0.258541281583804,0.15219189435966,0.110778409200262,0.078920525907265
31,0.169985717061717,0.047317608343657,0.000646814383046,0.140497156761491,0.088777344210539,0.232512807897004,0.147823317825805,0.099224679746456,0.086400548641367
32,0.165268919437163,0.046617463712208,0.000628746206731,0.136888403937156,0.086482876048657,0.207900017464148,0.143645973851426,0.088279009621121,0.091982534875412
33,0.160489568517532,0.04572070272997,0.000609482767072,0.133508463305792,0.084019613413711,0.184803265659326,0.13967926247293,0.077763440865281,0.096021069674839
34,0.15565370820656,0.044631736286248,0.000589097028232,0.130360158033139,0.081136959994046,0.163351686154094,0.135945904408532,0.067518166364611,0.099045054364327
35,0.150768093371961,0.043360077601857,0.000567681068649,0.127444978010042,0.077632724015587,0.143714458862377,0.132518124704567,0.057547326940389,0.101454994902876
36,0.145840295130937,0.041921482282453,0.000545351014662,0.124762941361045,0.073351375951607,0.126114142913292,0.129415711306429,0.047856753323305,0.102862736723783
37,0.140878828055666,0.040339625008757,0.000522253560713,0.122312478763697,0.068182736646068,0.110837784980089,0.126629281014782,0.038425030905739,0.102888934026999
38,0.135893304158439,0.038648482022084,0.000498574583636,0.120090348814785,0.062065010551568,0.098233309474495,0.12414651154787,0.029268728566793,0.101278996323993
39,0.130894619477728,0.03689559402434,0.000474550459064,0.118091591751719,0.054998808546008,0.088666216750315,0.121952248233622,0.020530254235968,0.097868749659904
40,0.125895180111406,0.035146285465553,0.000450482713352,0.116309527095509,0.047088590690464,0.082409610099588,0.120028713731014,0.012889651197252,0.092565348298617
41,0.120909175516238,0.033488550605857,0.000426756441201,0.114735798325871,0.038660520557124,0.079484682473747,0.118355812224934,0.009503099748761,0.085343737204015
42,0.115952907577867,0.032037405617744,0.000403862169394,0.113360464753366,0.030610340728592,0.079556353807634,0.116911511704476,0.014080580732329,0.076265033780984
43,0.11104518391145,0.030935806067587,0.000382418979994,0.112172137640553,0.025288815922114,0.081994546350507,0.115672282033107,0.022335609816251,0.065540953109124
44,0.1062077822987,0.03034723768293,0.000363192928115,0.11115815471096,0.026683493593681,0.086063507058591,0.114613563342551,0.031711714382171,0.053725376485588
45,0.101465988789286,0.030435339131959,0.000347098632412,0.110304784816936,0.035757219948707,0.091095233788538,0.113710239084562,0.041672172473004,0.0423041319013
46,0.09694173437841,0.03117545517865,0.000335202050864,0.109579015576338,0.048774236366351,0.096305743638994,0.112926124906976,0.051420856837843,0.03509297869838
47,0.092735148189216,0.032334199205614,0.000327652983848,0.108936002437998,0.06222652434664,0.101225237130965,0.112220157156663,0.060264551285576,0.034590411479185
48,0.088839871059994,0.033755302182505,0.000323964247866,0.108344915522992,0.075034553778671,0.105788373269355,0.111561256981354,0.068203388493978,0.03947188565891
49,0.085246808481044,0.035307269274802,0.000323522360127,0.107776945917633,0.086811635947804,0.109955049101146,0.11092060290219,0.075239220551992,0.046920203297135
50,0.081943994675655,0.036886345715856,0.00032564844596,0.10720555418639,0.097391758307046,0.113704254608553,0.110271874739512,0.081375735401635,0.054996223960154
51,0.078916554834893,0.038413655329845,0.000329659019828,0.106606632747538,0.106693597252596,0.117030072585925,0.109591414063982,0.08661864193989,0.062749278158641
52,0.076146784447149,0.039830455677961,0.000334913240805,0.105958598462163,0.114673958981285,0.119939143305136,0.108858318750799,0.090975920385676,0.06973609010707
53,0.073614355460574,0.041093518551474,0.000340841638808,0.10524243245882,0.121309269342501,0.122449130314095,0.108054489561877,0.094458152635465,0.075745510079743
54,0.071296647091205,0.042171343250176,0.000346958171344,0.104441683523007,0.126587319507888,0.124587874112427,0.107164645778355,0.097078958890434,0.08067878164814
55,0.069169186356179,0.043041291184883,0.000352860582514,0.103542449926264,0.130503263171447,0.126393015892184,0.106176325344511,0.098855579596238,0.084498308938587
56,0.067206172203801,0.04368751056685,0.000358224155241,0.102533352833334,0.133057574192666,0.127911928318978,0.105079883216064,0.099809658968015,0.087205461579089
57,0.065381049550673,0.044099479086257,0.000362792698326,0.101405512747291,0.134255006537367,0.129201815604462,0.103870184321467,0.099972955330618,0.0887292245462
58,0.063667096930645,0.04427101587965,0.000366369169253,0.100152539046552,0.134104135611973,0.130329848842126,0.102547700770244,0.099386603726593,0.088839626350193
59,0.062037993985023,0.044199653202218,0.000368807211762,0.098770541649038,0.132617305745411,0.131373191242285,0.101111448017905,0.098084471974099,0.087541208271575
60,0.060468341778342,0.043886296244715,0.00037000417149,0.097258173246424,0.129810945368953,0.13241874873138,0.099562065464043,0.096108867424878,0.084884712918688
61,0.058934118322581,0.043335132816701,0.000369895761408,0.095616710364831,0.125706319353252,0.133562464448064,0.097902063539013,0.093514106452419,0.08096511421293
62,0.057413061990427,0.042553784364382,0.000368452371065,0.093850181649159,0.120330919407679,0.13490797522681,0.096135925648034,0.090370768941264,0.075941940595199
63,0.055884985258336,0.041553718762143,0.000365676961473,0.091965552085513,0.113720912623745,0.136564481824345,0.09427024435698,0.086771767612642,0.070079203627895
64,0.054332029589325,0.040350976517264,0.00036160450282,0.089972972106544,0.105925497985016,0.138643768729031,0.092313896631485,0.082840899345351,0.063819302809301
65,0.052738879038475,0.03896729772512,0.000356302959255,0.087886100222437,0.097014944673704,0.141256449668372,0.090278262675204,0.078744503950851,0.057907530594205
66,0.051092955700286,0.03743177671536,0.000349875879959,0.085722506246544,0.087096222122091,0.144507695315832,0.088177491952866,0.074706213947905,0.053544280865389
67,0.049384625194288,0.035783205775508,0.00034246669614,0.083504158150773,0.076345414460204,0.14849287616159,0.086028817789478,0.07102260080534,0.052364354342876
68,0.047607446067226,0.034073267495025,0.000334264817275,0.081263622063063,0.065266505218744,0.153268128052551,0.083855599551922,0.068081997789858,0.055654945110604
69,0.045758504532295,0.032370615437649,0.000325513511223,0.079057952547796,0.055396145849722,0.158583716464585,0.081693845727387,0.066206259179938,0.061926636548041
70,0.043838886730818,0.030765467805207,0.000316519247228,0.076904914339399,0.0473011167444,0.164099498900855,0.079561753863365,0.065383012588759,0.069208989723946
71,0.041854355954542,0.029373337817166,0.000307661535902,0.074816610673163,0.041463586863339,0.169556097190582,0.077475990703628,0.065527988558537,0.076355868008329
72,0.039816322526209,0.02833473875368,0.00029940115068,0.072806054807123,0.038345016388648,0.174758648689089,0.075454918551986,0.066523168910806,0.082753504180575
73,0.037743217227545,0.027805860853525,0.000292282896672,0.070887155686465,0.038071739540842,0.179565064226141,0.073518643638867,0.068232521467278,0.088089122841966
74,0.035662395919289,0.027936284426429,0.00028692715011,0.069074661420704,0.040223802840935,0.183875562880061,0.071688998962618,0.070518088468027,0.092217258251274
75,0.033612685938968,0.028837621475364,0.00028400345456,0.067384047151097,0.044043890275898,0.187624211518806,0.069989431786207,0.073252211685747,0.095092697844541
76,0.031647567580586,0.030558324673328,0.000284181814903,0.065831333584368,0.048804511997037,0.19077246816053,0.068444762261072,0.076324484628824,0.096739216822207
77,0.029838631170693,0.03308057034295,0.000288065050473,0.064432824221938,0.053975416659075,0.193304458087726,0.067080780201366,0.079644178110715,0.097237654314809
78,0.028278155846282,0.036339283608291,0.00029611718928,0.063204754047594,0.059213439923471,0.195223658065597,0.065923654874494,0.083139702388932,0.096725759302851
79,0.027078312225625,0.040248574718132,0.000308610993678,0.062162850855488,0.064304796564197,0.196550694930009,0.064998267297712,0.086746616122443,0.095419115952135
80,0.026363195044176,0.044722068765773,0.000325613485438,0.06132182254942,0.069116547275004,0.19732201729775,0.064304371509878,0.090190372940269,0.093773437265615
81,0.026250815847177,0.049683322109705,0.000347011904251,0.06069479851903,0.073565169826996,0.197589246115096,0.06383802288791,0.093306835053553,0.091893608484335
82,0.026828058123072,0.055068869976014,0.000372565539858,0.060292768043427,0.077597673284788,0.19741904039522,0.06359873583362,0.096042015602123,0.089777536215711
83,0.028130150674245,0.060827507197923,0.000401962853523,0.060124069788875,0.081180386481104,0.196893324464772,0.063583349125372,0.098362649346325,0.087465737110744
84,0.030137250446688,0.066918233172912,0.000434868757539,0.060193989755199,0.084292217571125,0.196109710308934,0.063786108634882,0.100251325874824,0.085044881064215
85,0.032789181929159,0.073308053429568,0.000470956321769,0.060504517634875,0.086920509297603,0.195181912591744,0.064198882660256,0.101703188366013,0.082652774041426
86,0.036007309167807,0.079970083500671,0.00050992409692,0.061054293416651,0.08905842334809,0.194239897037279,0.064811487261517,0.102723771694171,0.080483346455639
87,0.039712231670189,0.086882051576835,0.000551503077692,0.061838750561979,0.09070324533472,0.193429434053283,0.065612087737419,0.10332767548269,0.078788341503961
88,0.043833352421422,0.094025163756222,0.000595457391197,0.06285043517003,0.091855257663904,0.192910669271573,0.066587637484848,0.103537863617268,0.0778700695441
89,0.048311952134192,0.10138326020399,0.000641581762622,0.064079458679115,0.092516971430522,0.192855307232382,0.067724317017954,0.103385449334089,0.078058608265389
90,0.053100739206286,0.10894219212699,0.000689697681704,0.065514029430747,0.092692590823567,0.19344208370344,0.06900794244385,0.102909867809603,0.079670814288436
91,0.057509060426834,0.101638948434842,0.000642561016765,0.066931000578798,0.08897754602175,0.190940156336214,0.070394674888878,0.102040844339348,0.081647666608749
92,0.061817761473757,0.094459328635608,0.000597421150847,0.068434742504539,0.085257277489922,0.188738665526478,0.07186988957884,0.101059438177017,0.084258435910979
93,0.066017645737639,0.087408914319609,0.000554454032109,0.070007552805625,0.081545295023338,0.186759146562172,0.073418850685465,0.099968590229256,0.087141669516165
94,0.070100983281194,0.080493331791628,0.000513860205717,0.07163283640442,0.077858075798417,0.18492657425651,0.07502755302683,0.098777326570374,0.090012292411383
95,0.074061067051544,0.073718252756358,0.000475867560415,0.073295161753468,0.074215745863591,0.183171151582001,0.076682795706155,0.09750155216375,0.092658134947267
96,0.077891930835017,0.06708939886487,0.000440732456617,0.074980265587115,0.070642903775124,0.181429868149729,0.078372215913164,0.096164978605986,0.094930234501973
97,0.081588166172585,0.060612552771858,0.000408737429244,0.076675021781465,0.067169587405212,0.179647866350182,0.080084292613761,0.09480016876313,0.096733158205393
98,0.085144801794646,0.054293580423371,0.000380182803035,0.078367387070507,0.063832353160438,0.177779679957465,0.081808328679295,0.093449646942614,0.098017971599993
99,0.088557223730771,0.048138473378097,0.000355368956959,0.080046333488006,0.060675375000978,0.175790426888405,0.083534418554004,0.092166970011218,0.098778607273187
100,0.091821122619845,0.042153428498279,0.000334566480665,0.08170177480988,0.057751363988894,0.173657046150741,0.085253407085148,0.091017579463018,0.099051644466417
101,0.094932459696292,0.036345001444985,0.000317974284773,0.083324492110103,0.055121948627816,0.171369670180025,0.086956843793841,0.090079160817414,0.098919243309157
102,0.09788744593979,0.0307204168777,0.000305671479604,0.084906061841631,0.052856960574887,0.168933217689895,0.088631278646616,0.089465388249647,0.098597872281727
103,0.100682530756904,0.025288243672116,0.000297575779481,0.086438788573303,0.051031924233338,0.1663692761918,0.090255093601082,0.089259813447348,0.098319833653296
104,0.103314397767036,0.020060030254268,0.000293424405324,0.087915643586849,0.049723137808473,0.163718311071489,0.091819964126757,0.089419871495791,0.098008422396683
105,0.105779966054545,0.015054921234984,0.000292788013538,0.089330209892213,0.049000299437572,0.161042178311453,0.093318847187074,0.089896884429257,0.097599241836886
106,0.108076395779082,0.010316051768798,0.000295115160739,0.090676633787255,0.048917748638274,0.158426814315695,0.094745310974944,0.090642381830202,0.097054131211813
107,0.110201097401759,0.005994885216873,0.000299792577685,0.091949582813275,0.049506626735233,0.155984809988021,0.096093487011509,0.091609955836964,0.096362803859647
108,0.112151744044185,0.003080109968449,0.000306203163871,0.093144209795837,0.050770662296993,0.15385733512663,0.097358028986599,0.092756714115654,0.095544932796778
109,0.113926286688127,0.004629848886197,0.000313769356963,0.094256122576986,0.052687162174898,0.152214579303343,0.098534077899695,0.094044315900519,0.094652848185544
110,0.115522972069673,0.008140356769181,0.000321978324082,0.095281359014852,0.055212637519525,0.151253596425703,0.099617233020428,0.095439632711452,0.09377469200959
111,0.116940363239569,0.011772716682735,0.000330391757731,0.096216366831763,0.058290780302199,0.151192361603841,0.100603528189774,0.096915104657566,0.093037407864337
112,0.118177362861775,0.015271375662777,0.000338645432025,0.097057987919473,0.061860241153408,0.152259237898324,0.101489413011987,0.098448870403399,0.092608289607974
113,0.119233239413199,0.018576759966637,0.00034644332387,0.097809226011219,0.065791815162932,0.154671677854417,0.102275128960838,0.100021588814714,0.092701633854978
114,0.120107656534554,0.021666427493373,0.000353549715123,0.098502246813454,0.069619181459537,0.158404082299685,0.102978238482478,0.101583761957304,0.093421551191908
115,0.120800705869754,0.024528887153011,0.000359781308228,0.099140440737245,0.073234388520373,0.163158157235186,0.103599656023331,0.103078020634287,0.094565300819859
116,0.121312943822476,0.02715692029243,0.000365000385474,0.099721625060853,0.076611724984509,0.168640647515882,0.104137198135668,0.10445665598192,0.095928151927431
117,0.121645432756026,0.02954536705884,0.000369109435552,0.100243830541802,0.079735663874757,0.174591593185711,0.104588972739339,0.10568011397429,0.097339089985536
118,0.121799787268439,0.031690261490616,0.000372047355116,0.100705300521136,0.082598724734301,0.180789066636764,0.104953379017087,0.106716323783729,0.09866246995122
119,0.121778226289755,0.033588459187671,0.000373787197193,0.101104490714892,0.08520013208959,0.187048474619798,0.105229108987579,0.107540089697075,0.099796751764533
120,0.12158363187288,0.035237473106065,0.000374335401043,0.101440069686274,0.087545012075898,0.193219049672061,0.105415150729838,0.108132594837152,0.100672184432981
121,0.121219615681712,0.036635409597249,0.000373732446585,0.101710919991671,0.089643958758478,0.199179329738657,0.105510793252375,0.10848104279212,0.10124862174541
122,0.12069059431661,0.037780960235803,0.000372054896491,0.101916139994866,0.091512857765533,0.204832653259257,0.105515633021206,0.108578450783242,0.101514107321034
123,0.120001874750357,0.038673430906902,0.000369418794522,0.102055046346211,0.093172888234951,0.210103158172043,0.105429582182738,0.108423602023267,0.101484508410526
124,0.119159751265016,0.039312801806319,0.000365984352371,0.102127177126866,0.094650642062779,0.214932455432846,0.105254587913065,0.108028802627331,0.101218456012684
125,0.118171615361158,0.039699818951175,0.00036196174426,0.102132295662182,0.095978306611884,0.219276984448029,0.105028655545329,0.107566833408159,0.101059363374854
126,0.117046080124342,0.039836123019991,0.00035761759169,0.102070395012666,0.097193856338173,0.223105987096636,0.104767390178221,0.107100453685275,0.101078743044346
127,0.115793120432203,0.039724426627314,0.000353281305729,0.101941703155412,0.098341192472119,0.22640001566216,0.10447109952165,0.106623591812963,0.101214304251942
128,0.114424230100149,0.039368757779056,0.000349349823332,0.101746688873256,0.099470160356059,0.229149892143419,0.104140234997511,0.106132180552801,0.10141372007794
129,0.112952596496709,0.038774796601778,0.00034628846648,0.101486068372754,0.100636364570704,0.231356047913776,0.103775395017183,0.105624242322062,0.101635375755608
130,0.111393292177222,0.037950346294729,0.000344624889597,0.101160812655146,0.10190069728278,0.23302818631656,0.10337732822382,0.105099969430119,0.101848736388756
131,0.109763481510137,0.036906000238774,0.000344932875762,0.100772155666253,0.103328501405258,0.23418522299778,0.102946936686761,0.104561800425346,0.102034486163111
132,0.108082637884035,0.035656099106776,0.000347803872237,0.100321603251262,0.104988313688885,0.234855467840297,0.102485279031236,0.104014492231408,0.102184555758375
133,0.106372763632878,0.034220119696404,0.000353807245702,0.099810942937821,0.106950178342608,0.235077017219583,0.101993573481536,0.103465186042164,0.102302112119734
134,0.104658600051902,0.032624706064201,0.000363444904751,0.099242254565088,0.109283588411957,0.234898324987978,0.101473200789855,0.102923462962507,0.102401540951505
135,0.102967808623419,0.030906642429993,0.000377110123017,0.098617921766204,0.112055190495137,0.234378913955495,0.10092570701594,0.102401383145436,0.102508409152933
136,0.10141059282244,0.029258546183786,0.000394530995809,0.097988914614085,0.115062562536924,0.233761167769656,0.100377800437345,0.102004406940857,0.102730082988854
137,0.100078957546763,0.027823762420573,0.00041463474479,0.097403817443537,0.117980527247601,0.233195172428425,0.099854980922278,0.101812145546963,0.103104624807648
138,0.098974197570803,0.026572249401823,0.000436609098347,0.096861557723888,0.120705846808368,0.232614897186356,0.099357052512994,0.101799190315757,0.103567704070933
139,0.098095727756455,0.025471196679357,0.000459777214882,0.096360918522947,0.123156066258275,0.231960037250962,0.098883746901026,0.101939818618268,0.104063204330842
140,0.097441019612127,0.024486712348242,0.000483590550178,0.09590054690399,0.12526604580652,0.231176155043384,0.098434724983697,0.102208495309915,0.104543540993699
141,0.097005602444598,0.023585622283239,0.0005076113294,0.09547896345646,0.126984955042297,0.230214674546677,0.098009578883297,0.102580300292401,0.104969632128165
142,0.096783131231362,0.02273719014324,0.000531492702972,0.095094572811261,0.128273809991535,0.229032773483723,0.097607834408909,0.103031273404761,0.105310666000582
143,0.096765517933216,0.021914646750512,0.000554960456796,0.094745674976002,0.129103534467786,0.227593212170848,0.09722895393502,0.103538676002491,0.105543778270982
144,0.096943117903128,0.021096521462267,0.000577797647363,0.094430477314964,0.129453489548233,0.225864131485023,0.096872339665762,0.104081174643962,0.105653720207487
145,0.097304959046967,0.020267865934838,0.000599832299756,0.094147106993153,0.12931040959479,0.22381884643673,0.096537337248911,0.104638956169601,0.105632571821719
146,0.097838998955632,0.019421535885912,0.000620927807313,0.093893623703366,0.128667693154558,0.221435656923982,0.096223239699818,0.105193785374497,0.105479531818848
147,0.098532394546378,0.018559743208979,0.000640975536236,0.093668032499568,0.127525013779058,0.21869769363767,0.095936972511763,0.105748604350856,0.105290556607046
148,0.099371769697744,0.017696096319467,0.000659889159366,0.093468296568395,0.125888235650467,0.215592814907101,0.095695438213311,0.106332343301271,0.105266843284081
149,0.100343468566732,0.016858260499439,0.000677600317837,0.093292349782767,0.123769640946857,0.21211356955166,0.095496546400101,0.10692626889288,0.10537461733355
150,0.101433785240718,0.016091059723663,0.000694055292075,0.09313810889665,0.121188500589559,0.208257241561424,0.095337272227068,0.107511157456476,0.105572119383867
151,0.102629163594174,0.015459068318263,0.000709212437141,0.09300348525712,0.11817204847023,0.204025994716205,0.095214553810244,0.108069540147417,0.105820689301155
152,0.103916364270253,0.015046331549673,0.000723040197152,0.092886395928389,0.11475695231364,0.199427139165716,0.095125313649593,0.108585656217555,0.1060850534516
153,0.105282598301649,0.014949447146571,0.000735515559867,0.092784774141532,0.110991411204181,0.194473547669177,0.095066478907642,0.109045381566335,0.106333439495309
154,0.106715628877079,0.015261382507336,0.000746622847644,0.092696579002718,0.106938044948156,0.189184256754943,0.095035000335094,0.109436141458272,0.106537559991727
155,0.108203844121895,0.016049930933753,0.000756352767299,0.092619804411151,0.102677756924829,0.183585297493763,0.095027869685368,0.109746814394837,0.106672503286896
156,0.10973630455067,0.0173426143228,0.000764701660982,0.092552487155325,0.0983147084093,0.177710811448284,0.095042135509149,0.109967632428993,0.106716564530765
157,0.111302769169659,0.019127692248938,0.000771670914796,0.092492714172053,0.093982349999758,0.171604518248528,0.095074917265799,0.110090081773294,0.106651043090114
158,0.112893704177724,0.021368183474857,0.00077726649281,0.092441351290253,0.089924568067598,0.165425612796283,0.095124487736372,0.110119023247376,0.106483235285519
159,0.11450027795008,0.024017905567521,0.000781498572301,0.092412327964246,0.086711285129974,0.15983063451333,0.095194200065971,0.110121639035841,0.106330806104007
160,0.116114345587322,0.027032190100408,0.000784381262311,0.092405123185607,0.084409125005648,0.154902780171426,0.095281631393571,0.11010503157856,0.106185565297696
161,0.117728425847946,0.030372555385696,0.000785932392366,0.092416583316968,0.082974614527441,0.150610252152015,0.095383430070467,0.11006459378937,0.10601873519856
162,0.119335672809447,0.034007574945192,0.000786173361931,0.092443724149494,0.08233822548876,0.146914117273217,0.095496436067444,0.109996185565265,0.105805063117612
163,0.120929844155785,0.0379120721904,0.000785129044138,0.092483738793921,0.082409176292213,0.14376899947192,0.095617687034352,0.109896120743028,0.105522711166729
164,0.122505267587295,0.042065857802096,0.000782827739753,0.092534003326503,0.083082849137975,0.141124144768814,0.095744422091339,0.109761152397075,0.105153099740513
165,0.124056806501993,0.046452529936889,0.000779301179333,0.092592080394591,0.084248989389599,0.1389247716545,0.095874083604102,0.109588457023209,0.104680727522776
166,0.125579825806285,0.05105849674187,0.000774584573335,0.092655720993268,0.085798992113937,0.13711358676643,0.096004317192462,0.109375618066131,0.104092985652438
167,0.127070158475391,0.055872231504552,0.000768716711497,0.092722864624312,0.087631270867667,0.135632334232895,0.096132970212349,0.109120609170127,0.103379979187636
168,0.128524073293929,0.060883722677092,0.000761740114278,0.092791638043032,0.089654478018564,0.134423257675333,0.096258088937638,0.108821777463116,0.102534365429415
169,0.129938244058562,0.066084073580285,0.000753701240591,0.092860352788763,0.091788879170227,0.133430381247448,0.096377957971281,0.108480443344492,0.101558819766314
170,0.13130972041078,0.071465212636951,0.000744650757396,0.092927501682033,0.093966404379483,0.132600551845545,0.096491915405181,0.108153038622998,0.100617722179195
171,0.132635900382389,0.077019683792209,0.000734643878067,0.092991754456849,0.096129892878893,0.131884220375836,0.096598819584246,0.10786178435431,0.0997772357811
172,0.133914504673698,0.082740494729981,0.000723740777668,0.093051952680905,0.098231935878982,0.13123596962318,0.096697331475108,0.107605381380483,0.099035156813851
173,0.135143552639696,0.088621006730308,0.000712007094346,0.093107104100581,0.100233589558037,0.130614816867165,0.096786314902313,0.107382608296477,0.098389360091871
174,0.136321339928884,0.094654854616566,0.000699514526756,0.093156376531817,0.10210311906837,0.129984330725341,0.096864828215914,0.107192323214755,0.097837809895991
175,0.137446417699348,0.100835888548273,0.000686341537566,0.093199091402822,0.103814855504485,0.129312605329911,0.096932115685916,0.10703346466942,0.097378568318126
176,0.138517573324713,0.107158131760614,0.000672574172167,0.093234717040251,0.105348197982036,0.128572133157319,0.096987598731066,0.106905051711125,0.097009800981103
177,0.139533812496459,0.113615750009189,0.00065830699915,0.09326286177727,0.106686764558283,0.127739612893855,0.09703086707081,0.10680618324967,0.096729780128754
178,0.14049434262728,0.120203029650755,0.000643644173991,0.093283266949805,0.107817681288741,0.126795722457415,0.09706166987268,0.106736036705333,0.09653688514996
179,0.141398557461308,0.126914362123278,0.000628700618385,0.093295799836371,0.108730992670928,0.125724880963491,0.097079906952812,0.106693866032902,0.096429600664224
180,0.142246022800241,0.133744233183173,0.000613603293131,0.09330044658717,0.109419175336342,0.124515017763834,0.097085620074639,0.10667899918398,0.096406512353574
181,0.141399078298224,0.126913131121343,0.000628696287113,0.093299691987586,0.108731090050847,0.125704300526671,0.097079594387783,0.106714017025136,0.0964951457559
182,0.140495377401349,0.120200625089479,0.000643635552877,0.093290777377396,0.107817596260354,0.126755332823079,0.09706109851686,0.106772346286957,0.096655503699335
183,0.139535354223217,0.11361223536228,0.00065829414291,0.093273709236735,0.106686208486424,0.127680178547803,0.097030091882454,0.106854541931885,0.096888856281343
184,0.138519614915976,0.107153577367369,0.000672557145459,0.093248613019578,0.105346874614225,0.128494445174718,0.096986675944666,0.106961249451715,0.097196542574075
185,0.137448951941589,0.100830372620623,0.000686320412436,0.093215740229384,0.103812462753557,0.129217516492636,0.096931102908578,0.107093208642012,0.097579972229671
186,0.136324359458623,0.09464846446306,0.000699489380719,0.09317547548908,0.102099351598115,0.129872792483897,0.096863784526677,0.107251256798938,0.098040625630471
187,0.135147049915432,0.088613840254543,0.000711978008967,0.093128343560429,0.100228142515895,0.130487917940435,0.09678530095299,0.107436331262333,0.098580052483853
188,0.133918471943872,0.082732662278452,0.000723707837543,0.093075016258137,0.098224510241237,0.131094975636101,0.096696409590985,0.107649471228439,0.099199868793523
189,0.1326403296488,0.0770113104497,0.000734607170105,0.093016319193165,0.09612020302089,0.131730613416629,0.096598053862723,0.107891818756284,0.099901752174643
190,0.131314603386787,0.071456441098264,0.000744610370348,0.092953238267639,0.093954188642205,0.132436068191203,0.096491371810133,0.108164618893619,0.100687435518148
191,0.12994357212136,0.066075067767317,0.000753657264752,0.092886925830497,0.091773914326007,0.133257044804251,0.09637770442062,0.108469218851769,0.101558699048815
192,0.128529837430098,0.060874672322161,0.000761692641341,0.092818706388665,0.089636598558647,0.134243406005256,0.096258165328052,0.108786010827025,0.102457046067642
193,0.127076349218852,0.055863357985266,0.000768665834507,0.092750081753385,0.087610393790111,0.135448633539966,0.096133342475564,0.109064864022788,0.103237737082597
194,0.125586433167741,0.051050060526908,0.000774530386743,0.092682735485398,0.085775147149647,0.136929032102211,0.096004944704965,0.10930482590704,0.103899117009329
195,0.124063819888903,0.046444840072583,0.00077924377911,0.092618536486622,0.084222353097343,0.13874266908436,0.095874921998115,0.109507618655332,0.104448764359909
196,0.122512675713411,0.042059283898391,0.000782767223577,0.092559541570122,0.083053778883024,0.140948073478917,0.095745422768156,0.109675319841164,0.104896916708035
197,0.120937634939318,0.037907059255792,0.000785065511626,0.092507996825262,0.082378237118607,0.143602753800362,0.095618796673356,0.109810377214159,0.10525662338072
198,0.11934383325905,0.034004660953105,0.000786106914929,0.092466337581871,0.08230620048648,0.146761631199295,0.095497596136158,0.109915623234962,0.10554391069688
199,0.117736941935877,0.030372390157494,0.000785863135299,0.092437186766987,0.082942489538525,0.150475511415479,0.095384576341964,0.109994289052977,0.105777948789852
200,0.116123202109481,0.027035551047442,0.00078430930258,0.092423351441542,0.084378043292831,0.154789729306618,0.095282693478592,0.110050017550345,0.105981205265136
201,0.114509458373095,0.024025699577182,0.000781424020763,0.09242781730352,0.086682476621603,0.159743087096024,0.095195100968158,0.110086875006422,0.106179566405973
202,0.112903190473952,0.021381413437469,0.000777189464338,0.092453740950217,0.089899267182412,0.165367172792029,0.095125143439997,0.110109360862433,0.106402401651073
203,0.111312541641891,0.019147353891516,0.000771591528931,0.092501723362275,0.093961587226594,0.17157791259605,0.095075245197378,0.110109021329576,0.106654704316821
204,0.109746341649586,0.017369489641729,0.000764620042722,0.092558293230908,0.098298562735391,0.177714815395515,0.095042104247901,0.110011303047871,0.106796606163124
205,0.108214122260874,0.016084293525191,0.000756269048039,0.092622665753095,0.10266600480691,0.18361779731141,0.095027464236659,0.109810075776897,0.106816375137866
206,0.106726122250875,0.015302743919914,0.000746537166312,0.092696759126757,0.106930358031429,0.189242934545907,0.095034214749505,0.109513812195867,0.106731968176604
207,0.105293278717693,0.014996550215149,0.000735428064319,0.092782541131609,0.11098740334013,0.194555938882335,0.09506531708207,0.109132260844125,0.106564412067783
208,0.103927201003791,0.015097460021871,0.000722951045883,0.09288202179293,0.114756209587262,0.199530672929117,0.095123790096421,0.108676551010915,0.106338028722844
209,0.102640123281019,0.015512476492853,0.000709121801411,0.092997245206926,0.118174147998733,0.204148022479157,0.095212694381211,0.108159299031237,0.10608063590951
210,0.101444831823685,0.016145266885381,0.000693963358573,0.093130280544378,0.121193022324868,0.208395057952265,0.095335114777694,0.107594712237932,0.105823698028419
211,0.10035456331361,0.016912135061101,0.000677507292034,0.093283212265384,0.123776175340497,0.212264428237991,0.095494141380082,0.106998685328737,0.105602394176763
212,0.099382871309273,0.017748806088912,0.000659795269775,0.093458129595536,0.125896389042076,0.215753941475814,0.095692849168243,0.106388882113206,0.105455563764512
213,0.098543459371725,0.01861066421196,0.000640881039849,0.093657115332419,0.12753441271532,0.218866296998205,0.095934276482022,0.105784793559154,0.105425485082254
214,0.097849981329625,0.019470169421515,0.000620832996587,0.093882234070486,0.128677988443739,0.221608940406847,0.096220526411669,0.105205792844857,0.105547612106173
215,0.09731581175757,0.020313778528274,0.000599737511617,0.094135519951508,0.129321280672662,0.223994019556965,0.096534679953269,0.104629596951994,0.105638519346087
216,0.096953792789152,0.02113930704143,0.000577703274846,0.09441896406627,0.129464649616327,0.226038423228255,0.096869793364328,0.104055848043296,0.105609785871587
217,0.096775966601488,0.021953906633567,0.000554866964074,0.094734501650266,0.12911473682702,0.227763886608624,0.097226562582141,0.103502671306917,0.105462656816117
218,0.096793305870487,0.022772526924302,0.000531400644672,0.095083999231031,0.12828485600927,0.229197148511325,0.097605630625232,0.102989704440951,0.10520526803384
219,0.097015456700543,0.023616644912378,0.000507521375131,0.095469241896678,0.126995704241728,0.230370144538395,0.098007583729576,0.102538029609569,0.104852854570963
220,0.097450509480961,0.024513050353363,0.000483503514926,0.095891920863487,0.125276428636476,0.231320218213731,0.098432947797848,0.102170048141267,0.104428020784482
221,0.098104812443633,0.025492521271276,0.000459694095041,0.096353621524328,0.123166100162265,0.232090328467664,0.0988821852008,0.101909287686967,0.10396104033091
222,0.098982840265688,0.026588298300993,0.000436531110876,0.096855812158919,0.120715656213828,0.232729226868411,0.099355691965846,0.101780133737608,0.103490133214143
223,0.100087126066288,0.027834364145418,0.000414563362358,0.097399833480968,0.117990367944993,0.233291571940197,0.099853795383204,0.101807481468167,0.103061641527353
224,0.10141826008835,0.029263638975696,0.00039446796263,0.097986889186265,0.11507285044348,0.233837941346431,0.100376752054612,0.102016309991343,0.102729997116608
225,0.102974952951907,0.030906283612683,0.000377057424585,0.098618037649731,0.112066533723432,0.234434696626865,0.100924746403774,0.102431189058088,0.102557348164765
226,0.104665229404257,0.032619308259388,0.000363404214528,0.099244504275042,0.109296733751336,0.234933606262974,0.101472277454369,0.102968561364899,0.102494680712776
227,0.106378912722848,0.034210307052998,0.000353779408633,0.099815142364213,0.106965761101403,0.235093909650681,0.101992648280074,0.103520061650652,0.102425805427731
228,0.108088341901955,0.035642404816,0.000347789084015,0.100327574200524,0.105006803918233,0.234856092887976,0.102484320030662,0.104074323576151,0.102326015665113
229,0.109768775399141,0.036888878904451,0.000344930694555,0.100779726147942,0.103350202233233,0.234171690430325,0.102945919007874,0.104622496738598,0.102182077911791
230,0.111398210107815,0.037930187494182,0.000344634328782,0.10116981713064,0.101925751598407,0.233002581340508,0.103376233883546,0.105158199611798,0.101992242405942
231,0.112957171502989,0.038751937066467,0.000346308134723,0.101496347976161,0.100664768053246,0.231320424155715,0.103774212770281,0.105677458590158,0.10176625461214
232,0.114428493843215,0.039343491497715,0.000349378073294,0.101758091613222,0.099501778490194,0.229106268959086,0.104138960179146,0.106178638713402,0.101525375260512
233,0.115797103060674,0.039697012908952,0.000353316362921,0.101954084105206,0.098375779314589,0.226350378559073,0.104469733891861,0.106662369410682,0.101302371526546
234,0.117049810206928,0.039806792792066,0.000357657650376,0.102083616494801,0.097231073230827,0.223052290293534,0.104765941768991,0.107131466642689,0.101141395782939
235,0.118175119871201,0.039668779603896,0.000362005029735,0.102146227432959,0.096017739581536,0.219221154740856,0.105027138510738,0.107590851141837,0.101097623022879
236,0.119163055601286,0.039280240855088,0.000366029155552,0.102141696565447,0.09469181716859,0.21487639657569,0.105253022382747,0.108047461041557,0.101236480046855
237,0.120005002782135,0.038639518683207,0.000369463486721,0.102070038652249,0.093215284541567,0.210048754886456,0.105428004925704,0.108439095887319,0.101490097031896
238,0.120693568444079,0.03774585175063,0.000372097931468,0.101931498398222,0.091555917912153,0.204781773714461,0.105514107002018,0.108592254598449,0.101515742189899
239,0.121222456905079,0.036599245652975,0.000373772355348,0.101726545977368,0.089687097271758,0.199133824833283,0.105509376825177,0.108493926978436,0.101251742733621
240,0.121586359865476,0.035200380656978,0.000374370783177,0.101455873237535,0.087587621665209,0.19318074660596,0.105413896319658,0.10814471331228,0.100679356635918
241,0.121780859471757,0.033550550851985,0.000373816711259,0.101120390576854,0.085241588197783,0.18701916097229,0.105228063067484,0.107551036555984,0.099807868382052
242,0.121802342878899,0.031651633971377,0.000372069709829,0.100721224487659,0.082638388625711,0.180770459408802,0.10495258205729,0.106725178795373,0.098674879713274
243,0.121647926921641,0.029506097984338,0.000369123383046,0.100259715767587,0.07977288455466,0.174585285146232,0.104588459126779,0.105685479153393,0.097347663752229
244,0.12131539162209,0.027117062524619,0.00036500471793,0.099737418400953,0.076645840296703,0.168648021332581,0.104136996062504,0.10445668607307,0.09592532670248
245,0.120803121393957,0.024488458672764,0.0003597748594,0.099156099115861,0.073264725918349,0.163180257875094,0.103599787342711,0.103070451148966,0.094541169997586
246,0.120110052940015,0.021625392899229,0.000353531368893,0.098517737623724,0.06964505929436,0.158441443178082,0.102978718529792,0.101565939537524,0.093364106925344
247,0.119235628971526,0.018534994633827,0.000346412032891,0.097824527547427,0.065812546078157,0.154724110515009,0.102275966338551,0.099990510199502,0.092597297544121
248,0.118179757002784,0.015228590351039,0.000338600250729,0.097073086154998,0.061875242917799,0.152325461927322,0.101490597265165,0.098402444372859,0.092445687699598
249,0.116942772588908,0.011728281678059,0.000330331895393,0.096231227528977,0.058300106935589,0.151269390697173,0.100604977385729,0.096858198789867,0.092824170711032
250,0.115525406480699,0.008092858763639,0.000321903224736,0.095295931114038,0.055216497776129,0.151338134530405,0.099618866936448,0.095377891203482,0.093525045190076
251,0.113928755267919,0.004576780240852,0.000313678812697,0.094270341064154,0.052685848371114,0.152303429482709,0.098535831425181,0.093982762946657,0.094383337626252
252,0.11215425517347,0.003047413763218,0.000306097464284,0.093157995883552,0.050764578645042,0.153947556972654,0.097359852677545,0.092699553130254,0.0952731294508
253,0.110203658748401,0.006002390959677,0.000299672688053,0.091962844024121,0.049496303646435,0.156073808831818,0.096095347778334,0.091560358047501,0.096106341093458
254,0.108079014304616,0.010334397858043,0.000294982902152,0.090689263946006,0.048903831139476,0.158512373839965,0.09474719291315,0.090602269904338,0.096829975513965
255,0.105782648012989,0.015076898411911,0.000292646192037,0.089342089034439,0.048983505302504,0.161122454949885,0.093320752560491,0.089866722566817,0.097423085528718
256,0.103317148694912,0.020083350796012,0.000293276816785,0.087926637794382,0.049704194199111,0.163791807584702,0.09182191451269,0.089398479986075,0.097894100970963
257,0.100685355452974,0.025311893464347,0.000297427026834,0.086448749750939,0.051011501913118,0.166434807394989,0.090257131205232,0.089244231607325,0.098278692990626
258,0.097890348432457,0.030743839833691,0.000305526596927,0.084914827455115,0.052835624396714,0.168989876523288,0.088633467792661,0.089450812631351,0.098638038166885
259,0.094935443195817,0.036367844871782,0.000317838250775,0.083331884913261,0.055100133302622,0.171416798522583,0.086959270724454,0.090058950299897,0.099043781151383
260,0.091824189451496,0.042175443936509,0.000334443763389,0.081707602599348,0.05772937314915,0.173694212235415,0.085256124804675,0.090984543141797,0.099238419007304
261,0.088560375243444,0.04815947168662,0.000355263213687,0.080050388937894,0.060653395551852,0.175817409653127,0.083537426817495,0.09211818510513,0.098997531342152
262,0.085148038237378,0.054313409081928,0.000380096779457,0.078369447717231,0.063810476444647,0.177796459819123,0.081811581948446,0.093386785803856,0.098241265443269
263,0.081591486528125,0.060631083419614,0.000408673021531,0.076674850251274,0.067147831143704,0.17965462142725,0.080087697256307,0.094728802902689,0.096935804235308
264,0.077895332594929,0.067106519998373,0.000440690863616,0.074977610185689,0.070621231572026,0.181426974679525,0.078375627247974,0.096093923171501,0.095090409832855
265,0.074064545910053,0.073733865219499,0.000475849459925,0.0732897575677,0.074194083124965,0.18315918705927,0.076686015002013,0.09744228926251,0.092757831190763
266,0.070104532713815,0.080507345865916,0.000513865914322,0.071624407099188,0.077836322067925,0.184906321604997,0.075030324613848,0.098743518313219,0.090038324512384
267,0.066021256412789,0.087421247776325,0.000554483632054,0.069995813329022,0.08152333323643,0.186731597436188,0.073420859400578,0.099975675953551,0.087087286752111
268,0.061821420416521,0.094469905389605,0.000597474582503,0.068419402936698,0.085234980775959,0.18870502066478,0.071870758839166,0.101124302007713,0.084125724118149
269,0.057512749805299,0.101647697587629,0.000642638141999,0.066911771361382,0.088954782639896,0.190901820830615,0.070393965763761,0.102181536006958,0.081450746968051
270,0.05310443452649,0.10894904726482,0.000689798325182,0.065490628181493,0.092669227714118,0.193400655193718,0.06900515416821,0.10314535915117,0.079439291968959
271,0.048315343125057,0.101386817570376,0.000641690328021,0.064059155133037,0.092494278151378,0.192821022640235,0.067721818683349,0.103609532859468,0.077915932832331
272,0.043836449072988,0.094025351497411,0.000595572086451,0.06283326872466,0.091833441383527,0.192882702227647,0.066585526461883,0.103742650546958,0.077796478109394
273,0.039715046622625,0.086878786595416,0.00055162184811,0.061824725374625,0.090682521092168,0.193406934923363,0.065610434653935,0.103507009121909,0.078763192343656
274,0.036009858825654,0.079963270285506,0.00051004457327,0.061043372956396,0.089039016030538,0.194222032430407,0.06481033161119,0.102873056076702,0.080487908924142
275,0.032791488035072,0.07329758349243,0.000471075765618,0.06049662074552,0.08690265605489,0.195167896148153,0.064198228829472,0.101819259684231,0.082671939344213
276,0.030139342107348,0.066903985882458,0.000434984012926,0.060188988853257,0.0842761708454,0.196098824630476,0.063785922714528,0.100332372942923,0.085067805276221
277,0.028132066469109,0.060809353464652,0.000402070322608,0.060121791614545,0.081166417868651,0.196884935442051,0.063583556869141,0.098408189719613,0.087485816074411
278,0.026829847276047,0.05504668138839,0.000372661211965,0.060292997063451,0.077586078475939,0.197412605821974,0.063599222059132,0.096052936481526,0.089792110071644
279,0.026252536976806,0.049656989967133,0.000347091478934,0.060697282714717,0.073556274835193,0.197584320582172,0.063838632490762,0.093285512386766,0.091903644957341
280,0.026364911754091,0.044691540047341,0.000325672630822,0.061326280998784,0.069110715916777,0.197318255173497,0.064304912089816,0.090140887622211,0.093783304071445
281,0.027080086857307,0.040213914539546,0.00030864575475,0.06216898231303,0.064302438270749,0.196547852950237,0.064998513212074,0.086675091192661,0.095436462546417
282,0.028280044093943,0.03630077272296,0.000296124496214,0.063212245678121,0.05921501432729,0.195221598788292,0.065923431681122,0.083054332238757,0.096759258473529
283,0.029840679362611,0.033038833277808,0.000288043194314,0.064441359746186,0.053981424103024,0.193303155267591,0.067080111991231,0.079553375600659,0.09729034332979
284,0.031649812528284,0.03051444787348,0.000284130718688,0.065840600296094,0.048815440498856,0.190772014976196,0.068443711712982,0.076236342723027,0.096810967901003
285,0.033615156245306,0.028793168392048,0.000283924629709,0.067393741504681,0.044060049489502,0.187624832520692,0.069988087728564,0.07317423850535,0.095181032308048
286,0.035665113724595,0.027893107950409,0.000286823366956,0.069084493109805,0.040244928089105,0.183877630467616,0.07168747200659,0.070456798236488,0.092317707785773
287,0.03774619983492,0.027765733069777,0.000292157712883,0.070896850303653,0.038096353878758,0.179569120308477,0.073517062024776,0.068192875043038,0.088195319112403
288,0.039819583710379,0.028298990664129,0.000299258457688,0.072815355280143,0.038370124403633,0.17476543174089,0.075453424426496,0.066507881171578,0.082856974874253
289,0.041857906941081,0.029342705939341,0.000307505220445,0.074825277721134,0.041485650539126,0.169566573832377,0.077474736928549,0.065536802563209,0.076445472121729
290,0.043842736896583,0.03074016356991,0.000316352989176,0.076912726196149,0.047317620256884,0.164114896800554,0.079560901371563,0.065412146979187,0.06926993102459
291,0.045762661887352,0.032350496985506,0.000325340692559,0.07906470417594,0.055406014893709,0.158605550863893,0.081693561387786,0.066248293754886,0.061939359949236
292,0.047611917568999,0.034058003594067,0.000334088503863,0.081269124045293,0.065269552825003,0.153298206600755,0.083856054477871,0.0681263749435,0.055596090510546
293,0.049389416931664,0.035772388945132,0.000342289659058,0.083508277752747,0.076341870651815,0.148533054548404,0.086030155278977,0.071057446696341,0.052220110938184
294,0.051098072974214,0.03742498748647,0.000349700633801,0.085725372415909,0.087086773051766,0.144558544844357,0.088179666134855,0.074725257476976,0.053342520457065
295,0.052744326357619,0.038964135549199,0.00035613180419,0.087887881428096,0.097000135695912,0.14131786564572,0.090281183411944,0.078745960546096,0.057686589158229
296,0.054337810594479,0.040351071426513,0.000361439563623,0.089973831409743,0.105905714653803,0.138715163543872,0.092317462791879,0.082825748224503,0.063607309678281
297,0.055891102587149,0.041556733077173,0.00036552022052,0.091965645926587,0.113696438033948,0.136644831692519,0.094274346587386,0.0867427842266,0.069892802757679
298,0.057419517094252,0.042559409740395,0.000368305694153,0.093849659152627,0.120301970851462,0.134995887255194,0.096140448661831,0.090331859116929,0.075790523578486
299,0.058940911249411,0.043343085368531,0.000369760916019,0.095615712949273,0.125673071474983,0.133656253343127,0.097906888040361,0.093469881893794,0.080854056974742
300,0.060475470939472,0.043896311043658,0.000369882837135,0.097256834387594,0.129773545160059,0.132516513343852,0.099567069804585,0.096064384318403,0.084817007153543
301,0.062045455927513,0.044211478661333,0.000368700981639,0.098768986690109,0.132575882686645,0.131472883746117,0.101116509669148,0.098045072084861,0.087518094695565
302,0.063674886141884,0.044284408135571,0.000366279541718,0.100150884981506,0.13405880897389,0.130429332510543,0.102552697680338,0.09935781802754,0.088860657663043
303,0.065389158324186,0.04411419626349,0.000362721055637,0.101403867925596,0.134205891121228,0.129298909948636,0.103874996213577,0.099960445595572,0.088791930414719
304,0.067214590595372,0.043703306674283,0.00035817172571,0.102531816549182,0.133004785428784,0.128004442348672,0.105084396343791,0.099818899172247,0.087304315940083
305,0.069177902255305,0.043057909289716,0.000352828380745,0.103541111866248,0.130446922377816,0.126478771404684,0.106180506062781,0.098885765602209,0.084619197196373
306,0.071305646424143,0.042188507476405,0.000346946909858,0.104440623054148,0.126527560226746,0.124664721411585,0.107168494394766,0.097126442173335,0.080806453074073
307,0.073623622528235,0.04111092435721,0.000340851603991,0.105241717745933,0.121246246095612,0.122514958876599,0.108058008029809,0.094519028140336,0.075866194756383
308,0.076156302385419,0.039847757813145,0.00033494412825,0.105958285411076,0.114607860770408,0.119991889905285,0.108861509738205,0.09104608743354,0.069836792741255
309,0.078926306169307,0.038430452971299,0.000329709731521,0.106606763779825,0.106624670336668,0.117067729489604,0.109594280086275,0.086693849602256,0.062816997502499
310,0.08195396192975,0.036902164781173,0.000325716867391,0.107206156863105,0.097320347948663,0.11372488087173,0.110274417346572,0.081451616965286,0.055017060872586
311,0.085256974790886,0.03532154338188,0.000323605160436,0.107778031444839,0.086738269917183,0.109956789031234,0.110922821915378,0.075311320218512,0.046878750858633
312,0.08885022074758,0.033767357127931,0.000324056774297,0.108346477191003,0.074960127334985,0.105769488149409,0.111563149782504,0.068267182454348,0.039353735476073
313,0.092745667254475,0.032343252363741,0.000327749334507,0.108938014068953,0.062152764904536,0.10118416007418,0.112221718037346,0.06031546459575,0.034398727084135
314,0.09695241088151,0.031180650518573,0.000335295381211,0.109581430079627,0.048705064199509,0.096241174124104,0.112927344492366,0.051454276933271,0.034881030956154
315,0.101476813109175,0.030435843808377,0.00034718167155,0.110307532976478,0.035703348122879,0.091006299878905,0.113711103851609,0.041683459431128,0.042146470578821
316,0.106218739737243,0.030342651624118,0.000363259680861,0.111161056997377,0.026669207103777,0.085951769108982,0.114614087835639,0.031700876186624,0.053641754618498
317,0.111056253764337,0.030926311816506,0.000382465985992,0.112174935563941,0.02533171334371,0.081864823638191,0.115672512302575,0.022307389052689,0.065516650138877
318,0.11596406997238,0.032023440027617,0.000403887573158,0.113362926968447,0.030689647869828,0.079415850045073,0.116911494290957,0.014041533512061,0.076287072370276
319,0.120920411176385,0.033470649358467,0.000426759555241,0.114737724247213,0.038753972358537,0.079342989278732,0.118355593781902,0.009476955775126,0.085402465603471
320,0.125906470178488,0.035124971154056,0.000450463644288,0.116310749988963,0.047186536274369,0.082277137190569,0.120028340562217,0.012900482421999,0.09265305824548
321,0.130905945378366,0.036871321352023,0.000474509828762,0.118091981150432,0.055097082978264,0.088551467623853,0.121951765764616,0.020554367492832,0.09797863118577
322,0.135904647511235,0.038621622995784,0.000498513336575,0.12008981214322,0.062161357530433,0.098140957332368,0.124145963758634,0.029293131327888,0.101404450452224
323,0.140890170608291,0.040310474176041,0.000522172836765,0.122310962099672,0.068275623737832,0.110768746561948,0.126628709865901,0.038443443127044,0.103023053475421
324,0.145851618720637,0.041890269100249,0.000545252067289,0.124760429318801,0.073439590272902,0.126066881259605,0.1294151561936,0.047865111970859,0.102997827806679
325,0.150779379903742,0.043326979628217,0.000567565213169,0.127441492780528,0.077715229225292,0.143686299892162,0.132517621974504,0.057542670575323,0.101582074446776
326,0.155664939644538,0.044596890798113,0.000588965609433,0.130355757665144,0.08121285625192,0.163339654996192,0.135945486963945,0.06749830175974,0.099153331560599
327,0.160500726885913,0.045684216229202,0.00060933713911,0.133503239348444,0.084088150162282,0.184804492676299,0.139678954003726,0.077728635696437,0.096101524346099
328,0.165279986828172,0.046579419524265,0.000628587720724,0.136882478587847,0.086543502328571,0.207911890238214,0.143645784111069,0.088234469916948,0.092036293958141
329,0.169996675648414,0.047278072744283,0.000646644379472,0.140490679672643,0.088829791560227,0.232533001386604,0.147823258320669,0.099175874038637,0.086431376750752
330,0.174645373128297,0.047780118359786,0.000663449505816,0.144323863160506,0.091244986641563,0.258567738790798,0.152191978688932,0.110730467229508,0.078933393443474
331,0.179221209905693,0.048089438426769,0.000678958001122,0.148377025341905,0.09412576304296,0.285936299171388,0.15673337931346,0.123072498489799,0.069335525854502
332,0.183719806671246,0.048213665435116,0.000693135086377,0.152644297583827,0.097829084257856,0.314573113247544,0.16142983528793,0.136362711330367,0.057589707640685
333,0.18813722312985,0.048164191880882,0.000705954608321,0.157119100004128,0.102703751603759,0.344422607079148,0.1662647216879,0.150742074357717,0.043936380798086
334,0.192469914954655,0.04795635058647,0.000717397720735,0.161794285332372,0.109057117708517,0.375436247049985,0.171222434001012,0.166328568891314,0.02960218764139
335,0.19671469729244,0.047609745421396,0.000727451850641,0.166662270172648,0.117126584587322,0.40757047603135,0.176288380015528,0.183216406491518,0.020837332828789
336,0.200868713647641,0.047148711624105,0.000736109882617,0.171715152094855,0.127065073781231,0.44078526507811,0.181448951536206,0.201477029179432,0.030563484831755
337,0.204929409189554,0.046602874289289,0.000743369511692,0.176944811984787,0.138943589979784,0.475043091432168,0.186691482651311,0.221161248241221,0.052472838627748
338,0.208894507703062,0.046007749368278,0.000749232727937,0.182305852957336,0.152622990612249,0.509968511000864,0.191982684038571,0.242146521170597,0.079422300011671
339,0.212761991545631,0.045405289956825,0.000753705405323,0.187560779267529,0.167049267176882,0.543500340655667,0.197179682330473,0.263474998563518,0.109468217579946
340,0.216530084088873,0.044844220266396,0.000756796974376,0.192650309867812,0.18171481917314,0.575296128010684,0.202244612916033,0.284907757097512,0.142037032775005
341,0.220197234216821,0.044379927056365,0.000758520163549,0.197555458877997,0.19635596432242,0.605357430038701,0.207163333720361,0.30637887385438,0.176995414101159
342,0.223762102529559,0.044073616802648,0.00075889079824,0.202260559932828,0.21079066691787,0.633688384802807,0.211923907353738,0.327838461245756,0.214322423336798
343,0.227223548963278,0.043990444326325,0.000757927649599,0.206752749377582,0.224891600665071,0.660295368731433,0.216516294159628,0.349247886455547,0.25402690744607
344,0.230580621588898,0.044196441483846,0.000755652327833,0.211021541169696,0.23856849006032,0.685186754055273,0.220932094706896,0.370576597212772,0.296121606958577
345,0.233832546393379,0.044754370836081,0.000752089216821,0.215058476786174,0.251756581694616,0.708372727781212,0.225164333450681,0.391799970205761,0.340614329026705
346,0.236978717882269,0.045719059035052,0.000747265448688,0.218856836180001,0.264409054275775,0.729865149507044,0.229207276535982,0.412897823663406,0.387505111983457
347,0.240018690370509,0.047133149221215,0.000741210918693,0.222411398313126,0.276491949890137,0.749677434325403,0.233056277859824,0.433853369835134,0.436785693722751
348,0.242952169852007,0.049024294131214,0.000733958342358,0.225718241932974,0.28798073131956,0.767824452268664,0.236707648508049,0.454652464345427,0.48843989215485
349,0.245779006357903,0.05140445069963,0.000725543358435,0.228774579047803,0.298857901664304,0.784322438868859,0.240155246038627,0.475231747087888,0.542222407513949
350,0.248499186729623,0.054271273987425,0.000716004683056,0.231578615023766,0.309111328649592,0.79918891333227,0.243324437870985,0.494449204097508,0.593225173605901
351,0.251112827746176,0.057610996554105,0.000705384322347,0.234129430417076,0.318733043970902,0.812442602044988,0.24618445830826,0.51182902466394,0.639445601320987
352,0.253620169556285,0.061401910911269,0.000693727853041,0.236426880613629,0.327718368067713,0.824103365911191,0.24873523446965,0.527366303549821,0.680903975328496
353,0.256021569375193,0.065617681686034,0.000681084783185,0.238471510117718,0.336065261357125,0.83419213054238,0.25097757662107,0.541064232171526,0.717636966711743
354,0.258317495413698,0.070230027009545,0.00066750900812,0.240264478947414,0.343773835448192,0.842730818661201,0.252913077429994,0.552932270863042,0.749692166351275
355,0.26050852101332,0.075210624468839,0.000653059380435,0.24180749908715,0.350845979009974,0.849742284317595,0.254544026387619,0.562984848893634,0.777124964842052
356,0.262595318966855,0.080532306954055,0.00063780041674,0.243102779342822,0.357285066943063,0.85525024867558,0.255873336728747,0.571240420338128,0.799996650055179
357,0.264578656007936,0.086169706453051,0.000621803168726,0.244152977261393,0.363095730875282,0.859279237240232,0.25690448272921,0.577720765441443,0.818373174345593
358,0.266459387456837,0.092099515762763,0.000605146290945,0.244961157031571,0.368283675374375,0.861854518472053,0.257641445694551,0.582450465287428,0.832324308826355
359,0.268238452012766,0.098300510727557,0.0005879173426,0.245530752487394,0.372855528662336,0.863002043790618,0.258088667297935,0.585456501828754,0.841923031497998
360,0.269916866685311,0.104753437429588,0.000570214364416,0.245865534502607,0.376818719682169,0.862748389008226,0.258251009199855,0.586767951112773,0.847245062637369
