-7.105427357601002e-15, -0.24413608781994922
0.09999999999999432, -0.24416398917847015
0.20000000000000284, -0.2441347147906292
0.29999999999999716, -0.24405142427567306
0.3999999999999986, -0.24414585941703848
0.4999999999999929, -0.2444494862125559
0.6000000000000014, -0.2440807918600414
0.6999999999999957, -0.24249146818603018
0.7999999999999972, -0.24096240293606375
0.8999999999999915, -0.24065356595268028
0.9999999999999929, -0.2410831854759854
1.0999999999999943, -0.2414393589367969
1.1999999999999957, -0.24091062303374322
1.29999999999999, -0.2392469462374578
1.3999999999999986, -0.23782432818403043
1.499999999999993, -0.23765814827675769
1.5999999999999943, -0.23796740163021335
1.6999999999999957, -0.23800703518381416
1.79999999999999, -0.23792447931312344
1.8999999999999986, -0.23791515357499948
1.999999999999993, -0.2379371557723573
2.0999999999999943, -0.23793928460135572
2.200000000000003, -0.23793348721445673
2.29999999999999, -0.2379331242546292
2.3999999999999915, -0.23793441275589045
2.499999999999993, -0.23793405265790035
2.6000000000000014, -0.2379346995471665
2.6999999999999957, -0.2379363846308329
2.799999999999997, -0.23793237709709736
2.8999999999999986, -0.23792616658042975
3, -0.237942074900801
3.099999999999987, -0.23796464119833027
3.1999999999999957, -0.23790305399537592
3.299999999999997, -0.23782129909886196
3.3999999999999915, -0.23805901985711797
3.5, -0.2383544677767757
3.5999999999999943, -0.2374244305097286
3.6999999999999957, -0.2354452131953173
3.799999999999997, -0.23501903791885503
3.8999999999999986, -0.23680819454736213
4, -0.23825646794383992
4.100000000000001, -0.23820012396562307
4.199999999999996, -0.23784593592712833
4.29999999999999, -0.23786668248035303
4.3999999999999915, -0.23795632536438216
4.499999999999993, -0.23794623185636254
4.600000000000001, -0.23793723668985267
4.699999999999996, -0.23795194677266274
4.799999999999997, -0.23789829002538188
4.8999999999999915, -0.23785314307845473
5, -0.23808146510893335
5.099999999999987, -0.2382374476239275
5.199999999999989, -0.23731782220984599
5.299999999999997, -0.23555105064120996
5.3999999999999915, -0.2344887966205853
5.499999999999993, -0.2345848145781928
5.599999999999994, -0.23509061195764724
5.699999999999989, -0.23518090168234052
5.79999999999999, -0.23407289251976016
5.8999999999999915, -0.2322935015062817
5.999999999999986, -0.2315077899010256
6.09999999999998, -0.23171644959550486
6.199999999999996, -0.23142905533413183
6.29999999999999, -0.22979068883410525
6.399999999999977, -0.22662574075569308
6.499999999999986, -0.22326543764272522
6.599999999999994, -0.22205715989280073
6.6999999999999815, -0.22244863722323327
6.799999999999983, -0.2217938598334679
6.899999999999984, -0.219954525312398
6.999999999999979, -0.2186331713887908
7.099999999999987, -0.21882252947795422
7.199999999999989, -0.22079680313315242
7.299999999999976, -0.22252301752911974
7.399999999999984, -0.22082650468928966
7.499999999999986, -0.21711430704164858
7.59999999999998, -0.21539361871103502
7.6999999999999815, -0.2159339708360486
7.799999999999983, -0.2167649328629131
7.8999999999999915, -0.2165792834439122
7.999999999999979, -0.21473784000704832
8.09999999999998, -0.21311344593232873
8.199999999999989, -0.21440018547188533
8.299999999999976, -0.21625379515633814
8.399999999999977, -0.21439593040828475
8.499999999999972, -0.21063204937112312
8.59999999999998, -0.20924071586757798
8.699999999999974, -0.2098776384624319
8.799999999999976, -0.2102537023468245
8.899999999999977, -0.21007229730552401
8.999999999999979, -0.20989936528469677
9.099999999999973, -0.20998033293366136
9.199999999999974, -0.21031098486376676
9.299999999999976, -0.21015501187965135
9.399999999999977, -0.20875248678221014
9.499999999999972, -0.2070783637471596
9.599999999999973, -0.20651555311420822
9.699999999999974, -0.20686335542710133
9.799999999999976, -0.20732384630600942
9.89999999999997, -0.20702581326338354
9.999999999999972, -0.2054281798163986
10.09999999999998, -0.2038842200532991
10.199999999999982, -0.20382089248486635
10.299999999999976, -0.20386656537094927
10.39999999999997, -0.20239410030641336
10.499999999999972, -0.20076113470874501
10.599999999999973, -0.20059674003846517
10.699999999999967, -0.20073230954387267
10.799999999999969, -0.19963925617552425
10.899999999999963, -0.1976328605849642
10.999999999999972, -0.19557206919058423
11.099999999999973, -0.19451913273021892
11.199999999999967, -0.1948960831041915
11.299999999999969, -0.1944671349580549
11.39999999999997, -0.1914715517839305
11.499999999999964, -0.18820022684618554
11.599999999999973, -0.18670609096769653
11.699999999999967, -0.18504444218576355
11.799999999999976, -0.18163317441371607
11.89999999999997, -0.17888810739744176
11.999999999999964, -0.1787237820910259
12.099999999999966, -0.17897677650264754
12.199999999999967, -0.177669738448631
12.299999999999962, -0.17568445745856476
12.39999999999997, -0.17403121105516384
12.499999999999964, -0.17262240584064203
12.599999999999966, -0.17117627036218863
12.699999999999967, -0.16940046110081175
12.799999999999962, -0.16745037499311488
12.899999999999963, -0.16660637781328802
12.999999999999964, -0.1670896573748868
13.099999999999959, -0.16618768078911383
13.199999999999953, -0.16274680390125296
13.299999999999962, -0.16010836586612598
13.399999999999963, -0.16015390626084747
13.499999999999964, -0.16029191287162847
13.599999999999959, -0.15879257163070992
13.69999999999996, -0.15687923921969205
13.799999999999962, -0.15538795163520502
13.899999999999956, -0.15370060712711986
13.999999999999957, -0.15180649876273256
14.099999999999959, -0.15111621790460017
14.199999999999953, -0.15159341415012006
14.299999999999962, -0.15040318933542585
14.399999999999956, -0.1468822184469678
14.499999999999957, -0.1444681189690331
14.599999999999966, -0.14459088754704874
14.699999999999946, -0.14484780239873185
14.799999999999955, -0.14353591362310025
14.899999999999956, -0.1405684963444669
14.99999999999995, -0.13700868760405305
15.099999999999959, -0.1353422825027284
15.19999999999996, -0.13572592952242912
15.299999999999955, -0.1349790195434335
15.399999999999949, -0.13180438727223498
15.499999999999957, -0.12771997071490748
15.599999999999952, -0.12430541361350977
15.69999999999996, -0.12292229801556243
15.799999999999947, -0.12320632182695279
15.899999999999963, -0.12279414554064738
15.999999999999936, -0.12105790614269818
16.09999999999996, -0.1194457719042834
16.199999999999953, -0.11808001223950537
16.299999999999947, -0.11557482849782375
16.399999999999963, -0.11218471982919409
16.499999999999957, -0.10986650252471453
16.59999999999996, -0.10857231576229864
16.69999999999996, -0.1062743084493043
16.79999999999996, -0.10290151114102031
16.899999999999963, -0.10025332730717418
16.999999999999964, -0.09882766840847879
17.099999999999966, -0.09786468454440067
17.199999999999967, -0.09637184940236176
17.29999999999996, -0.09332741798446698
17.399999999999977, -0.08990744634918935
17.49999999999997, -0.08886290126719176
17.59999999999996, -0.08931666327668708
17.69999999999998, -0.08775221214488882
17.799999999999976, -0.08418262863617487
17.899999999999977, -0.08120211392506249
17.99999999999998, -0.07987483112585503
18.099999999999973, -0.08002350427010008
18.19999999999999, -0.08015786878173214
18.299999999999983, -0.0781486876615598
18.399999999999977, -0.0746276962724366
18.499999999999986, -0.07188058812481701
18.599999999999987, -0.0706168953997679
18.699999999999996, -0.07049794702936607
18.799999999999983, -0.07059364745985874
18.899999999999984, -0.06975156905889923
19, -0.0679443089638041
19.099999999999994, -0.0658172879469805
19.199999999999996, -0.06438888691145328
19.29999999999999, -0.06456378574850241
19.39999999999999, -0.06460839013967323
19.5, -0.0619921161708068
19.6, -0.058541939051041325
19.700000000000003, -0.057605855973294595
19.799999999999997, -0.0580888608274317
19.9, -0.05726099925801753
20, -0.0553199524067578
20.10000000000001, -0.053567069518535515
20.20000000000001, -0.052105088869727645
20.30000000000001, -0.05058868650677706
20.400000000000013, -0.04899614537049635
20.500000000000014, -0.04741922353537342
20.600000000000016, -0.04586220840009947
20.70000000000001, -0.04430073385591715
20.80000000000002, -0.04273407221660186
20.90000000000002, -0.04116870034253406
21.00000000000002, -0.03960462922714392
21.100000000000023, -0.0380400993602783
21.200000000000024, -0.03647543608361703
21.30000000000002, -0.03491124894055542
21.400000000000034, -0.033346300830479514
21.50000000000002, -0.03177995370156106
21.600000000000037, -0.030216877893371574
21.70000000000003, -0.028658793708247643
21.800000000000026, -0.027088002300730274
21.900000000000034, -0.02549914051507951
22.000000000000036, -0.023959274640248385
22.10000000000003, -0.022484724838497616
22.20000000000003, -0.020821531869124943
22.300000000000033, -0.018922966072349112
22.40000000000004, -0.017749994207929998
22.500000000000043, -0.01787675413560441
22.600000000000037, -0.017712335473866414
22.700000000000053, -0.016062458373548694
22.800000000000047, -0.014613601995526082
22.90000000000004, -0.014687263538923023
23.00000000000005, -0.014587833393483685
23.100000000000044, -0.012994092637978572
23.200000000000053, -0.011458589623671855
23.300000000000047, -0.011288200305413998
23.40000000000005, -0.011591693545015325
23.500000000000064, -0.011555512952164726
23.60000000000005, -0.011606698779920155
23.700000000000067, -0.011898532173233889
23.80000000000006, -0.011366337137357796
23.900000000000055, -0.009619542834385264
24.000000000000064, -0.008354834607549044
24.10000000000006, -0.008469690946072195
24.20000000000006, -0.008319625168139222
24.300000000000068, -0.0068350464341575545
24.40000000000007, -0.004975266953322954
24.500000000000078, -0.0034412083842707553
24.600000000000072, -0.0018443065387332425
24.700000000000067, -0.00009843989597912994
24.800000000000075, 0.001021380930495308
24.900000000000084, 0.0011190028109289152
25.00000000000007, 0.0007015559346719158
25.100000000000087, 0.000456768757602255
25.200000000000074, 0.0012064494346080146
25.300000000000082, 0.002935695222801904
25.400000000000084, 0.004191896687668617
25.500000000000078, 0.004244908969607497
25.600000000000087, 0.0037655906218896362
25.700000000000088, 0.003553613690999935
25.800000000000075, 0.00439215357462297
25.90000000000009, 0.006139622604711459
26.000000000000085, 0.007313663639627599
26.100000000000094, 0.007303797439552007
26.200000000000095, 0.006873029483668969
26.30000000000009, 0.0067470149746124974
26.400000000000098, 0.007451111002471311
26.500000000000092, 0.009035347657669668
26.6000000000001, 0.010959789289160415
26.70000000000011, 0.012635480089120854
26.80000000000009, 0.013477894626259701
26.900000000000105, 0.013433898685878187
27.000000000000107, 0.013067785549683464
27.1000000000001, 0.012977579097832592
27.200000000000117, 0.013738438191511104
27.300000000000104, 0.015368920768900285
27.400000000000112, 0.017300064223237932
27.500000000000114, 0.01893391790016352
27.600000000000108, 0.019699062785724752
27.700000000000117, 0.01961128716557159
27.80000000000011, 0.019249796465892643
27.90000000000012, 0.01920451423224101
28.000000000000128, 0.02002339663043129
28.100000000000108, 0.021689672178453634
28.20000000000013, 0.023683089194090012
28.300000000000125, 0.025291632489031546
28.40000000000012, 0.025740210410616804
28.500000000000128, 0.025551573986739573
28.600000000000122, 0.026198626468468156
28.70000000000013, 0.02794198751743604
28.800000000000125, 0.03008323628777365
28.900000000000134, 0.031646280954553685
29.000000000000128, 0.031653660477247936
29.100000000000136, 0.03144444835834559
29.20000000000013, 0.03364362330975501
29.300000000000125, 0.03719137274837081
29.400000000000134, 0.03885815526127567
29.500000000000128, 0.03837477597829242
29.60000000000015, 0.037357438030237056
29.700000000000145, 0.03753034542728795
29.800000000000153, 0.04031728399270218
29.900000000000162, 0.043730332653491466
30.000000000000142, 0.04439631013183387
30.100000000000136, 0.04399733966268782
30.200000000000145, 0.04634042178882902
30.300000000000153, 0.049903506183763824
30.400000000000162, 0.0509783955516685
30.500000000000142, 0.050463540981220856
30.600000000000165, 0.05116166712063297
30.700000000000173, 0.05312491692220167
30.800000000000153, 0.05517496505568875
30.900000000000162, 0.056529512763336065
31.000000000000156, 0.056758015171346266
31.100000000000165, 0.05662252925718958
31.20000000000016, 0.05729254230865077
31.300000000000153, 0.05933560958383621
31.400000000000162, 0.06277234494648276
31.50000000000017, 0.0657460382932018
31.600000000000165, 0.06629126978385669
31.700000000000173, 0.06593121558795456
31.800000000000168, 0.06694589634242565
31.900000000000176, 0.06888824926386228
32.00000000000017, 0.07059962187502089
32.100000000000165, 0.07205666204655659
32.20000000000017, 0.073557209581113
32.30000000000018, 0.07517231689105763
32.40000000000019, 0.07685326174048157
32.500000000000185, 0.07831784084639137
32.60000000000018, 0.07948029121011801
32.70000000000019, 0.08141889232407173
32.80000000000018, 0.08485281655125743
32.900000000000176, 0.08766641432382904
33.000000000000185, 0.08796747049522713
33.10000000000019, 0.08766724801215497
33.2000000000002, 0.08886372058289771
33.30000000000017, 0.09083812767516886
33.40000000000019, 0.09252191615912109
33.5000000000002, 0.09394232627302257
33.60000000000019, 0.09537481485605115
33.7000000000002, 0.09711309115842415
33.800000000000196, 0.09908966414478515
33.90000000000022, 0.10007527076351996
34.00000000000021, 0.09961610256779974
34.10000000000018, 0.10029478123667479
34.2000000000002, 0.10363115305060067
34.300000000000196, 0.10646906796617017
34.400000000000205, 0.10655396168459008
34.5000000000002, 0.10633931031234667
34.60000000000021, 0.10779769744589407
34.70000000000023, 0.10962005843634692
34.80000000000021, 0.11089949845911073
34.900000000000205, 0.11298914255117287
35.00000000000023, 0.11641731101249331
35.10000000000022, 0.11900665167251656
35.200000000000216, 0.11932537683767697
35.30000000000021, 0.11844217659838518
35.40000000000022, 0.11785925447741752
35.50000000000024, 0.1192741620095421
35.60000000000022, 0.1227768802494209
35.700000000000216, 0.12520844217564875
35.80000000000024, 0.12511263491203062
35.90000000000023, 0.12499931702977873
36.00000000000023, 0.12645851536972375
36.10000000000022, 0.12860778682251262
36.20000000000023, 0.130428941560508
36.30000000000025, 0.13113285188118873
36.40000000000023, 0.13089891776703633
36.50000000000023, 0.13143921738324948
36.600000000000236, 0.13319831430169682
36.700000000000244, 0.13443331534504832
36.80000000000024, 0.13439742913813468
36.90000000000023, 0.13410365464937435
37.00000000000024, 0.1341206596201543
37.100000000000264, 0.13418501376713188
37.20000000000026, 0.1341672874490043
37.300000000000225, 0.1342010081430356
37.40000000000025, 0.13424909060748558
37.50000000000027, 0.13404600016116852
37.60000000000025, 0.13388087967341544
37.70000000000026, 0.13471101356889914
37.80000000000025, 0.1364420093085137
37.900000000000276, 0.13771644800109462
38.00000000000027, 0.13776013486042737
38.100000000000264, 0.13656042277340674
38.20000000000027, 0.13481604150044868
38.30000000000028, 0.13389478413148037
38.40000000000026, 0.1340214604146137
38.50000000000027, 0.134249167457698
38.60000000000028, 0.13421225543261972
38.70000000000027, 0.13415389484160123
38.80000000000027, 0.1341650730842434
38.900000000000276, 0.1341753294107404
39.000000000000284, 0.13417029032610595
39.10000000000029, 0.13418670101190955
39.20000000000027, 0.13419411069313503
39.30000000000028, 0.13411733289018946
39.400000000000276, 0.13409641267131533
39.5000000000003, 0.1343914176764236
39.60000000000029, 0.13445418365128026
39.70000000000027, 0.1332405749991703
39.800000000000296, 0.13146514380069618
39.900000000000304, 0.13095732031138674
40.000000000000284, 0.13120368557421402
40.10000000000028, 0.13023300197389664
40.20000000000029, 0.12841933506810488
40.300000000000296, 0.12756810099230975
40.400000000000304, 0.1278173806426972
40.500000000000284, 0.12825296729408286
40.60000000000031, 0.12817243248801358
40.7000000000003, 0.12709334413304552
40.800000000000296, 0.12535311119966064
40.900000000000304, 0.12368751722819793
41.0000000000003, 0.12216781310868985
41.10000000000031, 0.12054595566905935
41.2000000000003, 0.1189864413904882
41.300000000000296, 0.1177502490310669
41.40000000000032, 0.11610206996348316
41.50000000000033, 0.11308295225491038
41.60000000000031, 0.10984887038509639
41.7000000000003, 0.10814474411962705
41.80000000000031, 0.10670312859342879
41.900000000000304, 0.10347039131728586
42.00000000000031, 0.10032567890162092
42.10000000000032, 0.10004262469771952
42.200000000000315, 0.10025584951625088
42.300000000000324, 0.097470349262327
42.40000000000032, 0.09409573400930915
42.50000000000031, 0.09376851539372533
42.60000000000031, 0.09400302002403516
42.700000000000344, 0.09118445049989798
42.800000000000324, 0.0878313496044294
42.90000000000033, 0.08746620949323747
43.00000000000033, 0.08773189843858242
43.10000000000035, 0.08530305749779288
43.20000000000033, 0.0816369202601459
43.300000000000324, 0.0792180242398004
43.40000000000033, 0.07836315150181283
43.50000000000034, 0.07855159630925979
43.600000000000335, 0.0783747559103074
43.70000000000033, 0.07677851458545382
43.80000000000034, 0.07525691536852719
43.90000000000035, 0.07524529113481426
44.000000000000355, 0.07524382997602874
44.100000000000335, 0.07375971714335972
44.200000000000344, 0.07211671617043347
44.30000000000035, 0.0717617171928322
44.40000000000035, 0.07218214422532032
44.50000000000034, 0.07249967491094056
44.60000000000035, 0.07208975365304093
44.70000000000036, 0.07067205226932805
44.80000000000037, 0.06890318679127905
44.90000000000035, 0.0673557611357487
45.000000000000355, 0.06576775009742519
45.100000000000364, 0.06400294531841233
45.20000000000036, 0.06275199448351243
45.30000000000035, 0.0625257545626976
45.40000000000036, 0.06292857228286142
45.50000000000037, 0.06329126999339829
45.60000000000038, 0.06263634920340477
45.70000000000036, 0.060792942049907595
45.80000000000037, 0.05971134104295395
45.900000000000375, 0.06015568141192951
46.00000000000037, 0.05933780940155087
46.100000000000364, 0.055957152040329916
46.20000000000037, 0.05318565976661649
46.30000000000038, 0.05301887514548698
46.40000000000039, 0.05365413463439639
46.50000000000037, 0.05368940857692461
46.60000000000038, 0.05352079687501199
46.70000000000039, 0.05351411386745886
46.800000000000395, 0.053558052176844395
46.900000000000375, 0.053558027759928795
47.0000000000004, 0.05354958797707399
47.10000000000039, 0.05355401650552549
47.20000000000039, 0.05354383893621151
47.30000000000038, 0.05352723625281275
47.40000000000039, 0.05357778236601529
47.5000000000004, 0.053637639000383874
47.60000000000039, 0.05344006252914868
47.70000000000039, 0.05322497667715309
47.800000000000395, 0.05400422162988594
47.900000000000404, 0.05576087261789997
48.00000000000041, 0.05692766716370912
48.10000000000038, 0.05689394990293595
48.2000000000004, 0.056520358291690886
48.30000000000041, 0.056454319220188065
48.400000000000404, 0.05692935091211426
48.5000000000004, 0.058325998230597254
48.600000000000406, 0.06119896025773297
48.700000000000415, 0.06469079503610731
48.80000000000041, 0.06633290676863002
48.900000000000404, 0.06601366684124654
49.00000000000041, 0.06633198124241746
49.10000000000042, 0.06806016489529831
49.2000000000004, 0.06987387211938056
49.30000000000041, 0.0713559978235545
49.40000000000042, 0.07309418400318979
49.500000000000426, 0.07480039727412935
49.60000000000042, 0.07535215902159376
49.70000000000043, 0.075125792939438
49.80000000000042, 0.07585137635674544
49.90000000000043, 0.07761720973814246
50.000000000000426, 0.079084231710846
50.10000000000042, 0.0804911687032841
50.20000000000044, 0.08332464730373168
50.30000000000044, 0.08674231825445622
50.40000000000043, 0.0881564293484618
50.50000000000044, 0.0877750942108877
50.600000000000435, 0.08792859604970271
50.70000000000044, 0.08968985906052218
50.80000000000042, 0.09303680106060996
50.90000000000043, 0.09633231037208034
51.00000000000044, 0.09712221050982484
51.10000000000045, 0.09670876305685594
51.20000000000046, 0.09858235566953333
51.30000000000044, 0.10218459940217262
51.400000000000446, 0.10460518625753101
51.500000000000455, 0.10585538612554224
51.60000000000045, 0.10754559935360586
51.70000000000044, 0.10916560572415657
51.80000000000045, 0.10924867940268213
51.90000000000046, 0.10909631708928957
52.00000000000047, 0.11118825433224266
52.10000000000045, 0.11476282368969493
52.20000000000047, 0.1175192246882859
52.300000000000466, 0.11864591038217753
52.40000000000046, 0.11830162710351155
52.500000000000455, 0.11836315577556622
52.60000000000046, 0.12099764834904558
52.70000000000047, 0.12443018196747468
52.800000000000466, 0.12559934133094375
52.90000000000046, 0.12500089359010147
53.00000000000047, 0.1244914642162338
53.10000000000048, 0.124752838380219
53.20000000000047, 0.12591833134083874
53.300000000000466, 0.1277113878010634
53.400000000000475, 0.1296521371627284
53.50000000000047, 0.13099528032178176
53.60000000000049, 0.13116003227811657
53.70000000000047, 0.13104617266277385
53.80000000000048, 0.1315963591003535
53.90000000000049, 0.13121233472676108
54.00000000000048, 0.128238198433416
54.10000000000048, 0.12499505563734647
54.20000000000047, 0.12424352098041336
54.300000000000495, 0.12485011062150608
54.40000000000049, 0.12497744405618283
54.50000000000048, 0.12486945838411012
54.60000000000049, 0.12506913913071838
54.7000000000005, 0.12487473962894935
54.800000000000495, 0.1235713710823676
54.90000000000049, 0.1217470927776807
55.00000000000048, 0.12011838694100607
55.100000000000506, 0.11862229996620544
55.2000000000005, 0.1170692345356823
55.300000000000495, 0.11549147480693289
55.40000000000052, 0.11394036638755267
55.50000000000051, 0.11235848961066885
55.600000000000506, 0.11073004134244702
55.7000000000005, 0.109252164940842
55.80000000000051, 0.10792677982891341
55.90000000000052, 0.10601525409202184
56.00000000000051, 0.10303290878802418
56.100000000000506, 0.09966365165475422
56.200000000000514, 0.09652030505582276
56.30000000000052, 0.09342030257440603
56.40000000000053, 0.09021590312666916
56.50000000000051, 0.08721560876879053
56.60000000000052, 0.08439293652230528
56.70000000000053, 0.08069341093333326
56.80000000000052, 0.0757877626922645
56.90000000000053, 0.07145522496205059
57.000000000000526, 0.06853782835157851
57.100000000000534, 0.06505617192415825
57.20000000000053, 0.060096434966209866
57.30000000000052, 0.05587504306700408
57.40000000000053, 0.0531959509413622
57.50000000000054, 0.04914270591284664
57.600000000000534, 0.04258718505178116
57.70000000000053, 0.036770305838429884
57.80000000000054, 0.033524816639673105
57.900000000000546, 0.031132295693823586
58.00000000000054, 0.028169416377331835
58.100000000000534, 0.024420585870430056
58.20000000000054, 0.019859585377939304
58.30000000000055, 0.014582218926600277
58.400000000000546, 0.009420594256819292
58.50000000000054, 0.006333276094613982
58.60000000000055, 0.005207436883995165
58.70000000000056, 0.002656332055738453
58.80000000000055, -0.0023096879981969742
58.900000000000546, -0.006825352002511664
59.000000000000554, -0.009788589098093325
59.10000000000056, -0.012953437864389183
59.20000000000056, -0.017495183734589137
59.30000000000055, -0.023516161578547745
59.40000000000056, -0.030089627170870603
59.50000000000057, -0.03513126996783322
59.60000000000056, -0.03814238494133093
59.70000000000056, -0.04060911874659956
59.800000000000566, -0.043639108052317965
59.900000000000574, -0.047779583122161906
60.00000000000057, -0.053835426159345
60.10000000000055, -0.062811504947343
60.200000000000585, -0.072826265992608
60.30000000000058, -0.07917266258308642
60.400000000000574, -0.08170561802694065
60.50000000000057, -0.08480974200844837
60.60000000000058, -0.08977331435076552
60.700000000000585, -0.09482028585669422
60.80000000000058, -0.09941630465379303
60.900000000000574, -0.10421437044326387
61.00000000000058, -0.10900310504888289
61.10000000000058, -0.11284738500778069
61.200000000000585, -0.1158222279777168
61.300000000000594, -0.11880988589909025
61.4000000000006, -0.12199132070814223
61.50000000000061, -0.12501666473120654
61.60000000000059, -0.1281056640279905
61.700000000000585, -0.1317952938065896
61.800000000000594, -0.1350046907391822
61.9000000000006, -0.13575444916692847
62.0000000000006, -0.13536611938254062
62.10000000000059, -0.13711818469893267
62.2000000000006, -0.1407086857088169
62.30000000000062, -0.14362440893365758
62.4000000000006, -0.1448669372247604
62.5000000000006, -0.14456030457372515
62.600000000000605, -0.1445002474861674
62.700000000000614, -0.14704263930125094
62.80000000000061, -0.15052635390237779
62.9000000000006, -0.15152213290806182
63.00000000000061, -0.1510565730484701
63.100000000000634, -0.152112358617718
63.20000000000063, -0.15395429491521728
63.30000000000061, -0.15433378532939734
63.40000000000062, -0.15411203125151918
63.50000000000061, -0.15529142220400782
63.60000000000062, -0.1570749253017305
63.70000000000063, -0.15766681471642885
63.80000000000064, -0.15736466571402774
63.90000000000063, -0.15723174663656536
64.00000000000063, -0.15730590677482592
64.10000000000062, -0.15727171505414272
64.20000000000061, -0.15728617395505884
64.30000000000061, -0.15755037971160046
64.40000000000059, -0.157401992523448
64.5000000000006, -0.15610611237326344
64.60000000000059, -0.1543629862204976
64.7000000000006, -0.1530579363332607
64.80000000000057, -0.15131720484237343
64.90000000000057, -0.1481551434492152
65.00000000000057, -0.14505137871098617
65.10000000000056, -0.14357797495126245
65.20000000000056, -0.14193294774631715
65.30000000000057, -0.1378833027094024
65.40000000000055, -0.13191136543825976
65.50000000000053, -0.12538564354637094
65.60000000000055, -0.12013928625211401
65.70000000000053, -0.11721276730808405
65.8000000000005, -0.11385927442551269
65.90000000000052, -0.10766973173190042
66.00000000000051, -0.1013609498666721
66.1000000000005, -0.09771958604936648
66.2000000000005, -0.09516711531927324
66.30000000000047, -0.09145773941532775
66.4000000000005, -0.0855414486037378
66.50000000000048, -0.0774566845431357
66.60000000000048, -0.0699856580711109
66.70000000000047, -0.06513391425020876
66.80000000000047, -0.060675261040691986
66.90000000000046, -0.05460326745445254
67.00000000000047, -0.048043069685569595
67.10000000000043, -0.0419873155374928
67.20000000000044, -0.03540925718893817
67.30000000000044, -0.027608704674112694
67.40000000000042, -0.019714840581864568
67.50000000000041, -0.012906248448995683
67.60000000000042, -0.0077094919073417145
67.70000000000041, -0.0036051491311979156
67.80000000000042, 0.002202746767616226
67.9000000000004, 0.010609320715674553
68.00000000000041, 0.017371491317387022
68.10000000000039, 0.02034080998568344
68.20000000000037, 0.023513400296584663
68.30000000000038, 0.029549640043434078
68.40000000000039, 0.03664559512132959
68.50000000000037, 0.04313271959644904
68.60000000000035, 0.048714040540903
68.70000000000036, 0.053468673761186025
68.80000000000037, 0.057880369040893775
68.90000000000035, 0.06243861035760023
69.00000000000034, 0.06755155507755983
69.10000000000034, 0.07272217009446891
69.20000000000032, 0.07595184195785976
69.30000000000035, 0.07713625203367291
69.4000000000003, 0.07945490931804144
69.5000000000003, 0.08421804176362224
69.60000000000032, 0.08939690768310715
69.70000000000029, 0.09397996477265114
69.80000000000028, 0.0988563409519525
69.9000000000003, 0.10388382273891184
70.00000000000027, 0.10729023950338012
70.10000000000029, 0.10873401425255214
70.20000000000027, 0.10992782964703673
70.30000000000025, 0.11158642303096666
70.40000000000026, 0.1129925178563167
70.50000000000027, 0.11433339162705458
70.60000000000024, 0.11695443089569446
70.70000000000024, 0.1204321035037701
70.80000000000024, 0.12227932006602726
70.90000000000025, 0.12205807196655671
71.00000000000023, 0.12168010479010682
71.10000000000021, 0.12178871562399252
71.20000000000022, 0.12160333686373015
71.30000000000021, 0.12142315734945797
71.40000000000019, 0.12261054819678163
71.50000000000021, 0.12449740494389117
71.60000000000018, 0.12454126632781115
71.7000000000002, 0.12265495036650398
71.80000000000018, 0.12096424335387868
71.90000000000018, 0.11958858332724942
72.0000000000002, 0.11694360717862251
72.10000000000015, 0.11354679591593086
72.20000000000014, 0.11154141401632289
72.30000000000017, 0.11028767283674146
72.40000000000013, 0.10708082413444808
72.50000000000016, 0.10200279854528116
72.60000000000012, 0.09714672457807438
72.70000000000013, 0.09259080621943605
72.80000000000014, 0.08702938858789633
72.90000000000013, 0.08056731843223464
73.00000000000011, 0.07422118017634771
73.10000000000012, 0.06802284189863883
73.2000000000001, 0.061451760919124965
73.3000000000001, 0.055180975356261985
73.40000000000009, 0.05040433870257388
73.50000000000007, 0.04587599315297597
73.60000000000008, 0.039192677874751336
73.70000000000006, 0.030932163262042067
73.80000000000004, 0.023271497428722476
73.90000000000008, 0.017432432186649027
74.00000000000004, 0.013705028804175345
74.10000000000004, 0.008855871451843633
74.20000000000005, -0.001202944509473003
74.30000000000003, -0.01273722503234831
74.40000000000003, -0.019294338460612792
74.50000000000001, -0.02303954687683385
74.60000000000001, -0.02937159800220046
74.70000000000002, -0.037941706683715104
74.8, -0.04617876337193305
74.89999999999999, -0.05378365295617593
75, -0.06137726470234384
75.09999999999998, -0.06932053569429719
75.19999999999999, -0.07791647183833472
75.29999999999997, -0.08775811037668113
75.39999999999996, -0.0993933166466121
75.49999999999997, -0.11246823987774368
75.59999999999995, -0.12605485282705065
75.69999999999995, -0.13785446331704732
75.79999999999997, -0.14572880691178547
75.89999999999995, -0.15080668347698634
75.99999999999996, -0.15514056960446698
76.09999999999995, -0.1601199674482774
76.1999999999999, -0.16679572573626356
76.29999999999991, -0.17559012688083575
76.39999999999992, -0.18638317206000243
76.4999999999999, -0.19746910164758358
76.59999999999992, -0.20723208067990662
76.6999999999999, -0.21625951208490513
76.7999999999999, -0.2254984701831586
76.89999999999989, -0.2350417223148602
76.99999999999987, -0.24466940702721285
77.0999999999999, -0.2537819680905411
77.19999999999987, -0.26191022077836656
77.29999999999987, -0.2693640857667292
77.39999999999986, -0.27675737610677453
77.49999999999986, -0.28514449571730927
77.59999999999987, -0.2948787910281303
77.69999999999983, -0.3037825344510616
77.79999999999983, -0.31028288864064635
77.89999999999984, -0.31615931747201564
77.99999999999984, -0.3233193727884136
78.09999999999981, -0.33222560176266924
78.19999999999983, -0.34225974374178536
78.29999999999981, -0.350565474088508
78.3999999999998, -0.3555150816752928
78.4999999999998, -0.3596269960641907
78.5999999999998, -0.3646401379979438
78.69999999999979, -0.36876218642078173
78.79999999999977, -0.3706718607473034
78.89999999999975, -0.3713869720724938
78.99999999999976, -0.37235996403945615
79.09999999999975, -0.3752602837165795
79.19999999999978, -0.3802739792175944
79.29999999999977, -0.3844118962088534
79.39999999999975, -0.38605386732263147
79.49999999999974, -0.3871204318100845
79.59999999999974, -0.3888098215504634
79.69999999999973, -0.39014117099810797
79.79999999999973, -0.3903561240771585
79.89999999999974, -0.38954630991146333
79.99999999999972, -0.38800692299623574
80.09999999999971, -0.3862282063613125
80.1999999999997, -0.3845963731794386
80.29999999999971, -0.3832864573840089
80.39999999999968, -0.3819650119685263
80.49999999999969, -0.3795543491816775
80.59999999999968, -0.3761567303759201
80.69999999999965, -0.3736598384630132
80.7999999999997, -0.37041544127792125
80.89999999999966, -0.3598495809858515
80.99999999999966, -0.36
81.09999999999965, -0.36184228558298015
81.19999999999965, -0.35
81.69999999999962, -0.3411094330248181
81.79999999999961, -0.321991510864589
81.89999999999961, -0.2863037112720357
81.99999999999959, -0.27452219727822635
82.09999999999957, -0.26888120534877036
82.19999999999959, -0.25933571682189527
82.29999999999957, -0.2467192373912228
82.3999999999996, -0.23373270231913468
82.49999999999957, -0.22412063055361475
82.59999999999955, -0.2156250750020341
82.69999999999956, -0.2007994686057626
82.79999999999954, -0.18016836944989878
82.89999999999955, -0.16122345770433855
82.99999999999955, -0.14679747817095823
83.09999999999953, -0.1354348470563056
83.19999999999955, -0.12330957303917289
83.29999999999951, -0.10539258393314732
83.39999999999951, -0.08558720346249826
83.49999999999953, -0.07379405907866632
83.5999999999995, -0.06749263353916435
83.6999999999995, -0.055697218102968904
83.7999999999995, -0.037132143113274285
83.8999999999995, -0.01732578342964164
83.9999999999995, -0.0004284991764267332
84.09999999999948, 0.011022477448152213
84.19999999999948, 0.02134179108275136
84.29999999999947, 0.038266348254662574
84.39999999999947, 0.059893145675824044
84.49999999999945, 0.07899004287889522
84.59999999999945, 0.09360701954083384
84.69999999999945, 0.10500735741092493
84.79999999999944, 0.11568751965869462
84.89999999999944, 0.12845297805731626
84.99999999999943, 0.1430559865330241
85.09999999999944, 0.15793065874013745
85.1999999999994, 0.17380369323624878
85.2999999999994, 0.19194584422575156
85.39999999999942, 0.20893092577149108
85.4999999999994, 0.22014252387284738
85.5999999999994, 0.22856625662418883
85.69999999999939, 0.23971913079330287
85.79999999999937, 0.25296152435078945
85.8999999999994, 0.2652967567421385
85.99999999999937, 0.27552590592007187
86.09999999999934, 0.2837638982505579
86.19999999999938, 0.2937538411091585
86.29999999999934, 0.3091641513333685
86.39999999999935, 0.32501169035796984
86.49999999999933, 0.334810521615275
86.59999999999933, 0.34129779798317417
86.69999999999935, 0.3492092646280116
86.79999999999933, 0.3569723995585594
86.89999999999931, 0.3619380209275702
86.99999999999932, 0.36642810215712984
87.0999999999993, 0.37344959393936605
87.1999999999993, 0.3819300758163191
87.29999999999932, 0.38999931254539133
87.3999999999993, 0.3976047718332656
87.4999999999993, 0.4048261370323609
87.59999999999927, 0.41014907322902117
87.69999999999928, 0.4123755552405788
87.79999999999926, 0.4132723043295923
87.89999999999925, 0.41474587161633014
87.99999999999926, 0.41640624019011385
88.09999999999926, 0.41771826749635377
88.19999999999924, 0.41958962338655503
88.29999999999926, 0.42223580920600323
88.39999999999922, 0.4224025734005532
88.49999999999922, 0.4179743928991799
88.59999999999923, 0.4129097832936517
88.6999999999992, 0.41076122260410797
88.79999999999923, 0.4100779375253101
88.8999999999992, 0.40892010534563683
88.99999999999919, 0.4067056328436225
89.09999999999921, 0.4035003207920478
89.19999999999919, 0.4004785998089715
89.29999999999917, 0.39798981390313903
89.39999999999918, 0.3937291473683433
89.49999999999916, 0.38629433502982424
89.59999999999918, 0.3775911490318915
89.69999999999915, 0.36880020100568034
89.79999999999914, 0.358201654335768
89.89999999999915, 0.34532404145934326
89.99999999999913, 0.33342772213091987
90.09999999999914, 0.32417234938087924
90.19999999999914, 0.31472180878536715
90.29999999999912, 0.3028105950958211
90.39999999999912, 0.28850370775834344
90.49999999999913, 0.2719226228931455
90.5999999999991, 0.2527730101643164
90.69999999999911, 0.23276485936869218
90.7999999999991, 0.21732346110660083
90.89999999999908, 0.20726056019486183
90.9999999999991, 0.19467855776633725
91.09999999999908, 0.17589578949495754
91.19999999999908, 0.15570067025318446
91.29999999999909, 0.1378953269488976
91.39999999999905, 0.1233944740211883
91.49999999999906, 0.11031103454605518
91.59999999999906, 0.09298532986448693
91.69999999999905, 0.06951146838635447
91.79999999999903, 0.0438234412648284
91.89999999999903, 0.018944675823813206
91.99999999999902, -0.003924697300552893
92.09999999999904, -0.02156999479756161
92.19999999999901, -0.028261282971826063
92.29999999999903, -0.028815440309937213
92.399999999999, -0.040971421717824974
92.49999999999899, -0.0676634084781913
92.59999999999901, -0.09354303184129442
92.69999999999898, -0.11248134017836087
92.79999999999897, -0.12991663514077967
92.89999999999897, -0.14817793924903055
92.99999999999896, -0.16553359946891133
93.09999999999899, -0.17990271073064212
93.19999999999895, -0.18931096917826196
93.29999999999895, -0.19755958387487693
93.39999999999897, -0.2136666149411739
93.49999999999893, -0.23692540711460897
93.59999999999896, -0.2576872570426132
93.69999999999895, -0.27410300919061514
93.79999999999889, -0.2913914920627785
93.89999999999894, -0.3105683227327525
93.99999999999893, -0.3289640964875895
94.0999999999989, -0.34594993482988023
94.19999999999892, -0.36255564188722067
94.29999999999892, -0.3782459476471569
94.39999999999888, -0.3915345306141558
94.4999999999989, -0.405242305773565
94.5999999999989, -0.42470179514497763
94.6999999999989, -0.44597306232069833
94.79999999999886, -0.4594703889484548
94.89999999999885, -0.467373079699835
94.99999999999888, -0.4790286124033667
95.09999999999884, -0.4940622665904999
95.19999999999884, -0.5063953646392716
95.29999999999886, -0.5167292531553134
95.39999999999883, -0.5293428380377105
95.49999999999885, -0.5421315173496848
95.59999999999884, -0.5498785778888657
95.69999999999881, -0.5534554111904852
95.79999999999883, -0.5567243575145708
95.8999999999988, -0.5598800155155295
95.99999999999879, -0.5614948788826779
96.09999999999881, -0.5629454928918647
96.19999999999881, -0.5666293820762549
96.2999999999988, -0.5717948235026871
96.39999999999877, -0.5762955879342306
96.49999999999876, -0.5788452100393386
96.59999999999879, -0.5789401433605597
96.69999999999875, -0.5788278163474128
96.79999999999875, -0.5810681733329033
96.89999999999877, -0.5823721509980544
96.99999999999874, -0.5781426780836982
97.09999999999876, -0.5706925322672909
97.19999999999872, -0.5644824177382666
97.29999999999872, -0.5607055683145048
97.39999999999871, -0.5587752286131571
97.4999999999987, -0.5548861767479845
97.5999999999987, -0.5453779358130495
97.6999999999987, -0.5334024264936121
97.79999999999869, -0.5233575546185896
97.89999999999871, -0.5144652356295829
97.9999999999987, -0.5043567919220546
98.09999999999867, -0.49087375472127803
98.19999999999867, -0.47343853190365737
98.29999999999866, -0.45836198890678803
98.39999999999863, -0.4511845161787682
98.49999999999868, -0.44573966219288597
98.59999999999867, -0.4345435258951871
98.69999999999867, -0.4175508883666339
98.79999999999863, -0.3974482319026773
98.8999999999986, -0.38015714113599897
98.99999999999862, -0.36941969284856313
99.09999999999862, -0.3581701084819726
99.19999999999861, -0.3396930393939641
99.29999999999863, -0.3170218099596984
99.3999999999986, -0.293961471155717
99.4999999999986, -0.26993779720913347
99.59999999999859, -0.24402245561767533
99.69999999999861, -0.21697307728889204
99.7999999999986, -0.19036336089605266
99.89999999999857, -0.16720511740759747
99.99999999999856, -0.14693015237868723
100.09999999999856, -0.1182361411496764
100.19999999999858, -0.07734191721577988
100.29999999999855, -0.045340883489120465
100.39999999999854, -0.033220384424271554
100.49999999999854, -0.016254312134237114
100.59999999999853, 0.021687923071954884
100.69999999999852, 0.0629263840171892
100.79999999999852, 0.09200924200784444
100.89999999999851, 0.10984458622733628
100.99999999999851, 0.12338638928057533
101.09999999999853, 0.14769986043050132
101.1999999999985, 0.1878360177418501
101.29999999999849, 0.2261369375296085
101.39999999999851, 0.2511235779632539
101.49999999999848, 0.268877267420482
101.59999999999847, 0.2872581924653468
101.69999999999847, 0.3135690607202868
101.79999999999849, 0.3478614637449313
101.89999999999849, 0.37754751963515343
101.99999999999848, 0.39744431071003117
102.09999999999845, 0.4169868544049571
102.19999999999847, 0.4417847468256393
102.29999999999846, 0.46902598170380116
102.3999999999984, 0.495046660746818
102.49999999999842, 0.5161231165930087
102.59999999999845, 0.5326453679894443
102.69999999999841, 0.5509219719556431
102.7999999999984, 0.5731698715956199
102.89999999999843, 0.5953441592248514
102.9999999999984, 0.616603268674331
103.09999999999839, 0.6408315729719483
103.19999999999838, 0.6670094421430206
103.2999999999984, 0.6876835820912672
103.39999999999837, 0.7012447413875975
103.49999999999837, 0.7135339273145047
103.59999999999839, 0.7276409438906786
103.69999999999835, 0.7429743206491752
103.79999999999838, 0.7587221586477806
103.89999999999834, 0.7740568994108175
103.99999999999834, 0.7882310060079396
104.09999999999836, 0.8006180061130406
104.19999999999833, 0.8114281578166251
104.29999999999832, 0.8217038541157249
104.39999999999834, 0.8325495226519279
104.49999999999831, 0.8449823950687816
104.5999999999983, 0.8578431197667682
104.6999999999983, 0.8681479810161992
104.79999999999829, 0.8755849045070276
104.89999999999831, 0.8821319003821027
104.99999999999828, 0.8884208456986196
105.0999999999983, 0.8939331994861937
105.19999999999827, 0.8985195461928197
105.29999999999826, 0.9023373052080719
105.39999999999826, 0.9053847396058192
105.49999999999825, 0.9075537424172575
105.59999999999827, 0.908996875781247
105.69999999999827, 0.90998389397446
105.79999999999824, 0.9098892638852096
105.89999999999823, 0.9076452823278995
105.99999999999825, 0.9041879161789277
106.09999999999822, 0.9014830417556345
106.19999999999824, 0.8984289495769271
106.29999999999824, 0.8922036148865962
106.39999999999823, 0.8819592012593516
106.49999999999822, 0.8684046358384965
106.59999999999819, 0.855901173811032
106.69999999999821, 0.849806157320359
106.79999999999818, 0.8459473340962049
106.89999999999817, 0.8360393825957486
106.9999999999982, 0.8202980451431225
107.09999999999819, 0.8033412421028912
107.19999999999818, 0.7902318995283133
107.29999999999818, 0.7846707866896117
107.39999999999814, 0.7784613993140188
107.49999999999817, 0.7603430582494395
107.59999999999813, 0.7363880374799234
107.69999999999813, 0.7179900872352973
107.79999999999812, 0.7011140731564394
107.89999999999814, 0.6773999779195039
107.99999999999814, 0.6519661901626181
108.0999999999981, 0.6331994264833096
108.1999999999981, 0.6169878687237498
108.2999999999981, 0.5962283824347057
108.39999999999812, 0.5735587601704721
108.49999999999808, 0.5530317530458428
108.59999999999808, 0.5275592606515118
108.69999999999807, 0.49033070072268714
108.79999999999806, 0.45527503673561
108.89999999999806, 0.4372609232457445
108.99999999999805, 0.42345380641835373
109.09999999999805, 0.39738632394509077
109.19999999999807, 0.3645616738605777
109.29999999999804, 0.33466756262684205
109.39999999999803, 0.3080937934896917
109.49999999999805, 0.28170743038390134
109.59999999999802, 0.24828905348132801
109.69999999999801, 0.2042559753918427
109.79999999999801, 0.16436912179355767
109.899999999998, 0.1404411326493924
109.999999999998, 0.11676049079193973
110.09999999999799, 0.07976113400686069
110.19999999999798, 0.04575927699340765
110.29999999999801, 0.02849092425035815
110.399999999998, 0.011334239082493092
110.499999999998, -0.020328381347139324
110.59999999999796, -0.054939192335666576
110.69999999999796, -0.0812423885757605
110.79999999999798, -0.10425681458850056
110.89999999999792, -0.13045902604463233
110.99999999999797, -0.16187064567405685
111.09999999999793, -0.19628289529184872
111.19999999999793, -0.22223282018459578
111.29999999999792, -0.23500529580902985
111.39999999999792, -0.25103038871960104
111.49999999999788, -0.281270198810442
111.5999999999979, -0.31536602544672165
111.69999999999787, -0.34443781530312245
111.79999999999792, -0.3703242494718695
111.89999999999792, -0.39683507425076403
111.99999999999788, -0.4287718800380804
112.09999999999788, -0.4662255638737234
112.19999999999787, -0.49924908391781164
112.2999999999979, -0.5236687409718312
112.39999999999789, -0.5491792488299305
112.49999999999785, -0.5800783967971386
112.59999999999788, -0.607470759349265
112.69999999999784, -0.6274301318072841
112.79999999999784, -0.6475388074969199
112.89999999999783, -0.6731863030964012
112.99999999999783, -0.7039026872448022
113.09999999999782, -0.7346733518204758
113.19999999999781, -0.7541850224777265
113.29999999999784, -0.7608699551406604
113.39999999999783, -0.7690137790970386
113.4999999999978, -0.7850668573366542
113.59999999999779, -0.8019622766366661
113.69999999999779, -0.8159163922175363
113.79999999999778, -0.8292760432287678
113.89999999999777, -0.8433963660549337
113.99999999999777, -0.8576882720096726
114.09999999999776, -0.8717736163297163
114.19999999999779, -0.8856925202806054
114.29999999999775, -0.8985950155136195
114.39999999999775, -0.9085515719570627
114.49999999999777, -0.9148611722245552
114.59999999999776, -0.9183313238129682
114.69999999999773, -0.9198383896556703
114.79999999999772, -0.9202770600480181
114.89999999999772, -0.9214667578268227
114.99999999999771, -0.9260457872192545
115.0999999999977, -0.9329229868949342
115.1999999999977, -0.937378300487945
115.2999999999977, -0.9385177891377969
115.39999999999769, -0.9391530496268672
115.49999999999768, -0.9394058929213567
115.59999999999768, -0.9369233025392596
115.69999999999767, -0.9318375392959211
115.7999999999977, -0.92646483703406
115.89999999999766, -0.9218431808428709
115.99999999999766, -0.9178164183621207
116.09999999999765, -0.9132244037744526
116.19999999999764, -0.9063230880607454
116.29999999999764, -0.8981191575913572
116.39999999999763, -0.8913603076546353
116.49999999999763, -0.8838304629916527
116.59999999999765, -0.8702113394102056
116.69999999999764, -0.851923633393628
116.79999999999761, -0.8348099762158987
116.89999999999763, -0.8213401184503466
116.9999999999976, -0.8113204299756993
117.09999999999759, -0.8002536386064207
117.19999999999762, -0.7819756862559175
117.29999999999758, -0.760860647606711
117.3999999999976, -0.7462979395109519
117.4999999999976, -0.7348846234371096
117.59999999999756, -0.7168692847044063
117.69999999999759, -0.6914884188397457
117.79999999999755, -0.662796696012053
117.89999999999755, -0.6340536078168206
117.99999999999754, -0.6079554893720527
118.09999999999754, -0.586142484147647
118.19999999999756, -0.5686812643855301
118.29999999999752, -0.5474532246699777
118.39999999999752, -0.5133909661812197
118.49999999999754, -0.47834021275623595
118.59999999999754, -0.45938493661200264
118.6999999999975, -0.44577634351667017
118.7999999999975, -0.4188658466598345
118.89999999999752, -0.38499857950209826
118.99999999999751, -0.3573020607588
119.09999999999751, -0.3290090464390465
119.19999999999747, -0.2893656709265624
119.2999999999975, -0.24845570634563785
119.39999999999746, -0.21969954878833553
119.49999999999743, -0.1934971689463132
119.59999999999745, -0.15644990833476458
119.69999999999744, -0.11641366009432375
119.79999999999747, -0.08512025361936226
119.89999999999743, -0.05939722613865195
119.99999999999743, -0.03158006791537904
120.09999999999742, 0.005556706242316967
120.19999999999742, 0.055268400542640705
120.29999999999741, 0.10382720029664361
120.39999999999743, 0.137497258362564
120.4999999999974, 0.16215039249151086
120.59999999999742, 0.1875609705657597
120.69999999999739, 0.2186330365310889
120.79999999999738, 0.2562363185799592
120.8999999999974, 0.2906215792713178
120.99999999999737, 0.3157143043945405
121.09999999999734, 0.34738349689273784
121.19999999999739, 0.3965816574450516
121.29999999999735, 0.44124065527871803
121.39999999999738, 0.46289946184403785
121.49999999999734, 0.47683580234867406
121.59999999999731, 0.4995539037953862
121.69999999999736, 0.530897223977312
121.79999999999733, 0.5664062829976273
121.89999999999732, 0.5982949506034045
121.99999999999731, 0.6224901059831085
122.09999999999731, 0.6466555838682342
122.19999999999733, 0.6763199668941606
122.2999999999973, 0.7063597072684908
122.39999999999726, 0.7322906389408244
122.49999999999731, 0.7553852589007826
122.59999999999731, 0.7786874884536712
122.69999999999727, 0.8073235907077778
122.7999999999973, 0.8410853568375067
122.89999999999729, 0.8673152098803281
122.99999999999726, 0.8807375226684595
123.09999999999725, 0.8951379576973102
123.19999999999725, 0.9186358978069311
123.29999999999727, 0.943157384972267
123.39999999999723, 0.9634412929461147
123.49999999999723, 0.9832686198529319
123.59999999999722, 1.0043501762659552
123.69999999999722, 1.0228234653975952
123.79999999999724, 1.0378343980678488
123.8999999999972, 1.0546945071857956
123.99999999999723, 1.07452449892479
124.09999999999722, 1.0906074120731812
124.19999999999719, 1.1009945769725642
124.29999999999718, 1.1122760618379557
124.39999999999718, 1.1259641500378428
124.49999999999717, 1.1349897368710784
124.5999999999972, 1.1385538578490202
124.69999999999716, 1.1456477802765952
124.79999999999715, 1.1588566360218164
124.89999999999715, 1.1711346873950208
124.99999999999714, 1.1789842027046697
125.09999999999714, 1.1843862342728444
125.19999999999713, 1.189007946996178
125.29999999999713, 1.1936562152591317
125.39999999999712, 1.1984435928421435
125.49999999999712, 1.2027301380276092
125.59999999999714, 1.2059556376156155
125.6999999999971, 1.207704851445583
125.7999999999971, 1.2077409037880662
125.89999999999709, 1.2060228222097282
125.99999999999712, 1.2028206311841882
126.09999999999708, 1.198701446847053
126.19999999999708, 1.1939896000590966
126.29999999999707, 1.1887367243274334
126.39999999999706, 1.1825322462390107
126.49999999999706, 1.1745935444666278
126.59999999999705, 1.165025275327711
126.69999999999705, 1.1547621885574961
126.79999999999704, 1.1452625090365507
126.89999999999701, 1.1381411565802562
126.99999999999703, 1.1307993456174297
127.09999999999705, 1.117741999692163
127.19999999999702, 1.1010846198142232
127.29999999999701, 1.0881598135133315
127.39999999999701, 1.0764859004199168
127.499999999997, 1.0572336350334732
127.599999999997, 1.0339690753761037
127.69999999999702, 1.0180358575649733
127.79999999999698, 1.0086695519513926
127.89999999999698, 0.9973744072995543
127.99999999999697, 0.9807523026003866
128.09999999999695, 0.9589786082462639
128.19999999999698, 0.9348511247422546
128.29999999999694, 0.9122763465835355
128.39999999999702, 0.8907151136608775
128.49999999999693, 0.8671682445673334
128.59999999999695, 0.8396830262503581
128.69999999999698, 0.8075813048412284
128.79999999999694, 0.776242143443914
128.8999999999969, 0.7529034863658621
128.99999999999693, 0.7339831684873412
129.0999999999969, 0.7113192604796619
129.19999999999692, 0.6830740422436752
129.29999999999688, 0.651084935608683
129.3999999999969, 0.6221590453939918
129.49999999999687, 0.6028465220120518
129.5999999999969, 0.582349613084316
129.69999999999686, 0.5460276647178641
129.79999999999688, 0.5027875043589476
129.89999999999685, 0.4681108866357344
129.99999999999687, 0.43885643091913407
130.09999999999684, 0.40649388753815163
130.19999999999686, 0.37307083771216876
130.29999999999688, 0.34315847275648226
130.39999999999685, 0.3138012027320767
130.49999999999687, 0.28029887571014367
130.59999999999684, 0.242536332675384
130.6999999999968, 0.20219731225064042
130.79999999999683, 0.16241439543165948
130.8999999999968, 0.12632540421765448
130.99999999999682, 0.09495489528217949
131.09999999999678, 0.06796287172853255
131.1999999999968, 0.04169284435238252
131.29999999999677, 0.012687975992889289
131.3999999999968, -0.017716539330509207
131.49999999999682, -0.04752206564825601
131.59999999999678, -0.07717569974804483
131.69999999999675, -0.10768461942864649
131.79999999999677, -0.13984787338855886
131.89999999999674, -0.1739687150752891
131.99999999999676, -0.208740192301486
132.09999999999678, -0.24211169716794734
132.19999999999675, -0.2707321425767004
132.29999999999671, -0.2934798630292277
132.39999999999674, -0.31735467159392616
132.4999999999967, -0.34787300761428597
132.59999999999678, -0.3809538306755136
132.69999999999675, -0.41353070094692956
132.79999999999671, -0.45083727915246063
132.89999999999668, -0.4948320823118193
132.9999999999967, -0.5342769383784325
133.09999999999667, -0.5615471767083222
133.19999999999675, -0.5844221521014292
133.29999999999666, -0.6098507834307432
133.39999999999674, -0.6365066881773487
133.49999999999665, -0.6648075765554147
133.59999999999667, -0.7022573706619695
133.69999999999663, -0.7484203400399121
133.79999999999671, -0.7827825054191346
133.89999999999662, -0.7976504020338262
133.99999999999665, -0.8184997366454696
134.0999999999966, -0.8585599296329156
134.19999999999663, -0.897556742153466
134.2999999999966, -0.9229652150851169
134.39999999999662, -0.9450781487240478
134.4999999999966, -0.9714052527489945
134.5999999999966, -0.9995222780747373
134.69999999999658, -1.0258401746510888
134.7999999999966, -1.0466616053979338
134.89999999999657, -1.0627817706855684
134.9999999999966, -1.0824346409195407
135.09999999999656, -1.1090690035864834
135.19999999999658, -1.1374240503894342
135.2999999999966, -1.1631849836687724
135.39999999999657, -1.1846966452961998
135.49999999999653, -1.2029805041279662
135.59999999999656, -1.2225096663092851
135.69999999999652, -1.2437115019925775
135.79999999999654, -1.2612016887951354
135.8999999999965, -1.274506158190634
135.99999999999653, -1.2900117596481429
136.0999999999965, -1.3093367470283082
136.19999999999652, -1.3276143895877768
136.2999999999965, -1.3419270730087867
136.39999999999657, -1.3522519140258273
136.49999999999648, -1.3609815418392115
136.5999999999965, -1.372876631863523
136.69999999999646, -1.3876991939273875
136.7999999999965, -1.3998490159179529
136.89999999999645, -1.4086391669931233
136.99999999999648, -1.4185633100172539
137.09999999999644, -1.430010321815359
137.19999999999646, -1.4392136540502118
137.29999999999643, -1.4451652873214687
137.39999999999645, -1.449614246476267
137.49999999999642, -1.4541773661323458
137.59999999999644, -1.4601376483159187
137.69999999999646, -1.466680032341534
137.79999999999643, -1.471351075227433
137.8999999999964, -1.4741398783838564
137.99999999999642, -1.4769724652531848
138.09999999999638, -1.4802177894824666
138.19999999999646, -1.4829903219773022
138.29999999999643, -1.4844470881851257
138.3999999999964, -1.4839047921566957
138.49999999999642, -1.4820494813094118
138.59999999999644, -1.480407508977387
138.69999999999635, -1.4789358921651043
138.79999999999637, -1.4765987188023786
138.89999999999634, -1.4732685417901599
138.99999999999636, -1.4692187844442581
139.09999999999633, -1.4626016284794239
139.19999999999635, -1.4508799447556404
139.29999999999632, -1.4377750088719825
139.39999999999634, -1.4298890716408916
139.4999999999963, -1.4263855492951545
139.59999999999633, -1.422500608548086
139.6999999999963, -1.4155118636787436
139.79999999999632, -1.4042301704158744
139.89999999999628, -1.3911161167557564
139.99999999999636, -1.3800266782349335
140.09999999999627, -1.3713587266768865
140.19999999999635, -1.3636201082388504
140.29999999999626, -1.3536086574801565
140.39999999999628, -1.3381735093595908
140.49999999999625, -1.3200164491149988
140.59999999999627, -1.303845816331466
140.6999999999963, -1.2908456241865722
140.79999999999626, -1.280108172624888
140.89999999999623, -1.2666742693434667
140.99999999999625, -1.2457698599515452
141.09999999999621, -1.2231860295769903
141.19999999999624, -1.2068124911877094
141.29999999999626, -1.1942499085832448
141.39999999999628, -1.1799296533534203
141.4999999999962, -1.1606958780169792
141.59999999999621, -1.1355796658580752
141.69999999999624, -1.110615808697832
141.7999999999962, -1.0919819225635528
141.89999999999617, -1.0759077894874016
141.9999999999962, -1.0569256076792426
142.09999999999616, -1.035408203754959
142.19999999999624, -1.0128604888594444
142.2999999999962, -0.9885177544404553
142.39999999999617, -0.9617965247751452
142.49999999999613, -0.9353433353096952
142.59999999999616, -0.912758484372918
142.69999999999612, -0.8981460995885802
142.7999999999962, -0.8908208888567599
142.8999999999961, -0.8721291833658142
142.9999999999962, -0.8299227673888119
143.0999999999961, -0.7888449239724116
143.19999999999612, -0.7701066166020509
143.2999999999961, -0.757473675748316
143.3999999999961, -0.7337872604927642
143.49999999999608, -0.7029177178528356
143.5999999999961, -0.6711954246988925
143.69999999999607, -0.6401610487552336
143.7999999999961, -0.6102506922858315
143.8999999999961, -0.5812718405515338
143.99999999999608, -0.5535348358211984
144.09999999999604, -0.5289726439040874
144.19999999999607, -0.5077212202329053
144.29999999999603, -0.4847149050481332
144.39999999999606, -0.45687318202869776
144.49999999999602, -0.42780323046725144
144.5999999999961, -0.39932796431424933
144.699999999996, -0.3669897457481053
144.79999999999603, -0.3298006519243266
144.899999999996, -0.29613587206448955
144.99999999999602, -0.26939299755422885
145.099999999996, -0.2402366785815362
145.199999999996, -0.20369332587013256
145.29999999999598, -0.16639440186491017
145.399999999996, -0.13382977459104684
145.49999999999596, -0.10682659390910443
145.599999999996, -0.08406031516452961
145.69999999999595, -0.06130353398975208
145.79999999999598, -0.03516381542050118
145.89999999999594, -0.004179123860919898
145.99999999999596, 0.03204677530081623
146.09999999999593, 0.07243834395579274
146.199999999996, 0.1126370557896843
146.29999999999592, 0.1436138060218446
146.39999999999594, 0.16450245993958346
146.4999999999959, 0.186817903851221
146.59999999999593, 0.21639206201300487
146.6999999999959, 0.2496958634877413
146.79999999999592, 0.27996795198819235
146.89999999999588, 0.2974377786560414
146.99999999999596, 0.30562587675335395
147.09999999999587, 0.32467710244349757
147.1999999999959, 0.3592968406643644
147.29999999999586, 0.39446160999027713
147.39999999999588, 0.421217141222487
147.49999999999585, 0.4392203102750525
147.59999999999587, 0.455421052901793
147.69999999999584, 0.48360305971152706
147.79999999999586, 0.5211988631661186
147.89999999999588, 0.5490254528169793
147.99999999999585, 0.5681379341302111
148.09999999999582, 0.5994776761172989
148.19999999999584, 0.6402679048335707
148.2999999999958, 0.665558195237653
148.39999999999583, 0.6749453823084663
148.4999999999958, 0.6901764386734812
148.59999999999587, 0.715450312595215
148.69999999999584, 0.739450464788348
148.7999999999958, 0.7575967689805276
148.89999999999577, 0.7715458316835417
148.9999999999958, 0.7866668486702135
149.09999999999576, 0.810405358964245
149.19999999999578, 0.8400285186061898
149.29999999999575, 0.8656262262492116
149.39999999999577, 0.8843069189473642
149.4999999999958, 0.8986147571174123
149.59999999999576, 0.9145855866587937
149.69999999999573, 0.9394482823981603
149.79999999999575, 0.9673314620368749
149.8999999999957, 0.9853568083192552
149.99999999999574, 0.9976456209147735
150.0999999999957, 1.017435682277808
150.19999999999578, 1.0423663579888294
150.2999999999957, 1.061885511775791
150.3999999999957, 1.0762219454554276
150.49999999999568, 1.091309439431252
150.5999999999957, 1.109216267197365
150.69999999999567, 1.129476387360138
150.7999999999957, 1.1479342081503279
150.89999999999566, 1.15960017531758
150.99999999999568, 1.167868842597228
151.09999999999565, 1.1793932865381314
151.19999999999567, 1.1946308272916388
151.29999999999563, 1.2111571560696501
151.39999999999566, 1.2264464489961935
151.49999999999562, 1.2384692345093844
151.5999999999957, 1.2488297649467264
151.6999999999956, 1.2602960174889282
151.7999999999957, 1.2733920591616044
151.8999999999956, 1.2873598306619123
151.99999999999562, 1.2990549429741614
152.0999999999956, 1.3059615833113425
152.1999999999956, 1.314318579102839
152.29999999999558, 1.3309157417372295
152.39999999999566, 1.34857655318154
152.49999999999562, 1.357849480583065
152.59999999999565, 1.361876453294603
152.69999999999555, 1.3668480345053142
152.79999999999558, 1.3741325562487927
152.89999999999554, 1.3833565815717677
152.99999999999557, 1.392876118778728
153.09999999999553, 1.4011353622628246
153.19999999999555, 1.408561223881276
153.29999999999552, 1.4160507552541608
153.3999999999956, 1.424207677565486
153.4999999999955, 1.4329459889212903
153.59999999999553, 1.4397749015503236
153.6999999999955, 1.4429970607601643
153.79999999999552, 1.4460436161073729
153.8999999999955, 1.452008030141067
153.9999999999955, 1.4586165941772837
154.09999999999548, 1.4635062734797197
154.1999999999955, 1.467942283203191
154.29999999999552, 1.4730534342776762
154.3999999999955, 1.4771562522240123
154.49999999999545, 1.4789777785709481
154.59999999999548, 1.480130843507232
154.69999999999544, 1.4819045534251196
154.79999999999546, 1.4831427520633362
154.8999999999955, 1.4830787370898144
154.9999999999955, 1.4831558733268593
155.09999999999542, 1.4845051386418775
155.1999999999955, 1.4865153414338412
155.2999999999954, 1.4883603233922378
155.39999999999543, 1.4893608547369488
155.4999999999954, 1.4893526480184962
155.59999999999542, 1.4893063007144183
155.69999999999544, 1.4896009120141485
155.79999999999546, 1.4889740212957743
155.89999999999543, 1.4871129611701028
155.99999999999545, 1.4861287772489722
156.09999999999536, 1.4866142257100399
156.19999999999538, 1.4855668625810912
156.29999999999535, 1.4820226107432786
156.39999999999537, 1.4796422066648822
156.49999999999534, 1.4799257789635507
156.59999999999536, 1.4795855376063525
156.69999999999533, 1.4766641566064056
156.79999999999535, 1.4723336884110956
156.89999999999532, 1.4676346979691224
156.99999999999534, 1.4628899863279872
157.0999999999953, 1.4582111817289656
157.19999999999533, 1.4534871672975118
157.29999999999535, 1.4487432914000589
157.39999999999532, 1.4442252143669538
157.49999999999534, 1.4397086840886248
157.5999999999953, 1.4343014369608809
157.69999999999527, 1.4279366915878118
157.7999999999953, 1.4216981044764634
157.89999999999526, 1.41565565484935
157.99999999999528, 1.4085186081157486
158.0999999999953, 1.4004315283792346
158.19999999999533, 1.3933425358255342
158.29999999999524, 1.3873621090924122
158.39999999999526, 1.3803998042040009
158.49999999999523, 1.3723031641983199
158.59999999999525, 1.3651400229756752
158.6999999999952, 1.3591208759528932
158.79999999999524, 1.3524179175160251
158.8999999999952, 1.344480502003643
158.99999999999523, 1.3361488481396961
159.0999999999952, 1.32825197020197
159.1999999999952, 1.3214908709707809
159.29999999999518, 1.3154197319568879
159.39999999999526, 1.3085995093723306
159.49999999999517, 1.3006498950713146
159.59999999999525, 1.2921073745222604
159.69999999999516, 1.2827378278326342
159.79999999999518, 1.2717693834911805
159.8999999999952, 1.2605438712003023
159.99999999999517, 1.2518365845854695
160.09999999999513, 1.2444825108444515
160.19999999999516, 1.234630991856759
160.29999999999518, 1.2231672063007117
160.39999999999515, 1.2140998451179592
160.4999999999951, 1.206781068912224
160.5999999999952, 1.1975688533437385
160.69999999999516, 1.1861366139971279
160.79999999999512, 1.174338706244481
160.8999999999951, 1.1635233828147462
160.9999999999951, 1.1545752877816484
161.09999999999508, 1.147102411463949
161.1999999999951, 1.1398097607842643
161.29999999999507, 1.1299890343637709
161.3999999999951, 1.1148856270321705
161.49999999999505, 1.0987294501092195
161.59999999999508, 1.0884751395060552
161.69999999999504, 1.0817672799505154
161.79999999999507, 1.0720951416533762
161.89999999999503, 1.0584341102768016
161.9999999999951, 1.0427534264277163
162.09999999999502, 1.029203083081264
162.19999999999504, 1.021803207983259
162.29999999999507, 1.0162414270362914
162.39999999999503, 1.0057473174478064
162.499999999995, 0.9921334383735982
162.59999999999502, 0.9801231428575863
162.699999999995, 0.969763405127382
162.79999999999507, 0.959362552527985
162.89999999999498, 0.9480954301201092
162.999999999995, 0.935682571498897
163.09999999999496, 0.9230919127275719
163.199999999995, 0.9115250402069732
163.29999999999495, 0.9009886926443051
163.39999999999498, 0.8908534196898878
163.49999999999494, 0.8793081261282636
163.59999999999496, 0.865042233348083
163.69999999999493, 0.8511137213706406
163.79999999999495, 0.8408082298844031
163.89999999999492, 0.8321800802204755
163.999999999995, 0.8222672567858176
164.0999999999949, 0.8103736483626678
164.19999999999493, 0.797037015364334
164.2999999999949, 0.7853401361822518
164.39999999999492, 0.7775023205105454
164.49999999999494, 0.7696624766095106
164.5999999999949, 0.7580016736315454
164.69999999999487, 0.7445401473037001
164.7999999999949, 0.7318452075049127
164.89999999999486, 0.7195396406514001
164.99999999999488, 0.7069385559505439
165.09999999999485, 0.6945328163279119
165.19999999999493, 0.6830052238212871
165.29999999999484, 0.6728588034660032
165.39999999999486, 0.6638931892757307
165.49999999999483, 0.6538832005393362
165.59999999999485, 0.6414516884376573
165.69999999999482, 0.6287632815659512
165.79999999999484, 0.6176102890615449
165.8999999999948, 0.6070384759070475
165.99999999999488, 0.5961053173742799
166.0999999999948, 0.5851027858236881
166.19999999999482, 0.5742515636677834
166.29999999999478, 0.5631127452713653
166.3999999999948, 0.5517501030413334
166.49999999999477, 0.5416295622811431
166.5999999999948, 0.5328753928671008
166.69999999999476, 0.5222002477727512
166.79999999999478, 0.5088038105594048
166.89999999999475, 0.49808847552631885
166.99999999999477, 0.49225506560870036
167.09999999999474, 0.48550886726504716
167.19999999999482, 0.4745942813120483
167.29999999999472, 0.46293320083736056
167.39999999999475, 0.45317562859742244
167.49999999999477, 0.4451846240882693
167.59999999999474, 0.4378165885574168
167.69999999999476, 0.4287226929764536
167.79999999999472, 0.4174728482386789
167.8999999999947, 0.40696750540763604
167.9999999999947, 0.3980003861988237
168.09999999999468, 0.38760333310082506
168.1999999999947, 0.3749731219564567
168.29999999999467, 0.3630160969303251
168.3999999999947, 0.3533147643095855
168.49999999999466, 0.3451213329822944
168.59999999999468, 0.33744116811874836
168.6999999999947, 0.32920115623387325
168.79999999999472, 0.31987506199222926
168.89999999999463, 0.30968280088599887
168.99999999999466, 0.2998672983224364
169.09999999999468, 0.2927658828528048
169.19999999999465, 0.2872455956207576
169.2999999999946, 0.278161263656755
169.3999999999947, 0.26504598899215326
169.4999999999946, 0.2528472154203931
169.59999999999462, 0.2436077294832395
169.6999999999946, 0.23593632192443392
169.7999999999946, 0.22829742155146437
169.89999999999458, 0.21927592048628242
169.99999999999466, 0.20955534676118726
170.09999999999457, 0.20173597881754768
170.1999999999946, 0.19582087072646281
170.29999999999455, 0.18939389268732887
170.39999999999458, 0.18144946970030018
170.49999999999454, 0.17234104709867282
170.59999999999457, 0.16282844423571907
170.69999999999453, 0.1539446279444947
170.79999999999455, 0.1462191101478627
170.89999999999452, 0.13970957705339604
170.9999999999946, 0.13360650076455372
171.0999999999945, 0.12654100445296868
171.19999999999453, 0.11852368787818968
171.29999999999455, 0.11053036657449145
171.39999999999446, 0.10276387776341167
171.4999999999945, 0.09490491545077129
171.59999999999457, 0.0870616765409391
171.69999999999447, 0.07955124522098833
171.7999999999945, 0.0717350106711323
171.89999999999446, 0.06255466710557744
171.9999999999945, 0.05299277577445283
172.0999999999945, 0.04511005194459994
172.19999999999447, 0.039330907466564646
172.2999999999945, 0.03500238576225456
172.39999999999446, 0.030301596615277315
172.49999999999443, 0.02316085216904451
172.59999999999445, 0.01498210354389684
172.69999999999442, 0.00867876627827302
172.79999999999444, 0.004617128679177185
172.89999999999446, 0.00180607192578508
172.99999999999443, -0.0013994238875576492
173.0999999999944, -0.006651727194880053
173.19999999999442, -0.013394112134962999
173.29999999999438, -0.020170245438652312
173.3999999999944, -0.026187233181153236
173.49999999999443, -0.031102447608789774
173.59999999999445, -0.03566291840903579
173.69999999999442, -0.040741917493980484
173.79999999999438, -0.045237319406490784
173.89999999999435, -0.04791762365966479
173.99999999999437, -0.05129439222388976
174.0999999999944, -0.058313813192618635
174.19999999999436, -0.06668450841281715
174.29999999999433, -0.07288343993718449
174.39999999999435, -0.07650331641438912
174.49999999999432, -0.07829763470088436
174.59999999999434, -0.07968827571268289
174.6999999999943, -0.08208136970337021
174.79999999999438, -0.08581880600421732
174.8999999999943, -0.09066602601543572
174.99999999999432, -0.09521514625072092
175.09999999999428, -0.09833665863664232
175.19999999999436, -0.10148552463567784
175.29999999999427, -0.10610989418481775
175.3999999999943, -0.11086265360490222
175.49999999999432, -0.1142749228371982
175.59999999999428, -0.11709883640888696
175.69999999999425, -0.12025380582542322
175.79999999999433, -0.12334935353323528
175.89999999999424, -0.1261160476348513
175.99999999999426, -0.12971202220296218
176.09999999999422, -0.1347355511785575
176.19999999999425, -0.13897722522275302
176.29999999999427, -0.14078590927720747
176.39999999999424, -0.14197764560771775
176.4999999999942, -0.14448069598924684
176.59999999999422, -0.14861014719348065
176.6999999999942, -0.15377645369259074
176.79999999999427, -0.15769819760962367
176.89999999999418, -0.15920397741707992
176.9999999999942, -0.1607990949931608
177.09999999999417, -0.1640944262471553
177.19999999999425, -0.1669845635453715
177.2999999999942, -0.16827869695308184
177.39999999999424, -0.17029747068190026
177.49999999999415, -0.1739821825806951
177.59999999999417, -0.17603517098207178
177.69999999999413, -0.175342801326706
177.79999999999416, -0.17668740480180345
177.89999999999412, -0.18196449633210854
177.99999999999415, -0.18566931296130162
178.0999999999941, -0.18527490386938128
178.19999999999413, -0.1857374872340758
178.2999999999941, -0.18931198030128238
178.39999999999412, -0.19172483675498242
178.49999999999415, -0.1912841666906151
178.5999999999941, -0.19202888566262288
178.69999999999402, -0.19550688570401942
178.7999999999941, -0.19816094366051695
178.89999999999407, -0.1981925962731088
178.99999999999415, -0.19737036683746467
179.09999999999405, -0.1971688346920386
179.19999999999408, -0.1981169951699977
179.29999999999404, -0.19987330002989534
179.39999999999407, -0.2009737552324422
179.49999999999403, -0.20092005794131484
179.59999999999405, -0.200653976066949
179.69999999999402, -0.2006709797159818
179.79999999999404, -0.20074496148517484
179.899999999994, -0.20074258010736257
179.9999999999941, -0.20070845843778784
